mass_GeV,n_events,n_hits,has_sensitivity,peak_N,peak_invf,invf_min,invf_max,invf_min_open,invf_max_open,invf_min_sample_ess,invf_min_event_ess,invf_min_max_event_fraction,peak_sample_ess,peak_event_ess,peak_max_event_fraction,invf_max_sample_ess,invf_max_event_ess,invf_max_max_event_fraction,exclusion_reason
0.22,1199988,13566,True,139994.84124889868,2.7404220187141357e-06,8.950366354866317e-08,1.8207658967421984e-05,False,False,65058.39098624047,1936.3088206938382,0.003128654305645832,76817.31401242358,2312.364875456835,0.0012940070985241988,409.4639609297908,165.60996748943634,0.023064483657116254,
0.24,1199988,13661,True,84278.1980853634,2.1768464177683103e-06,7.649806634943147e-08,1.4232624708088638e-05,False,False,65571.82143005054,1863.1344054798874,0.0028357442353202883,77674.81028558871,2073.6610603405657,0.0016359384636267832,1580.6744240509627,197.32122114509488,0.020819223348653233,
0.26,1199988,13456,True,59336.91547654744,1.834052218502538e-06,7.035496220573858e-08,1.192944806245014e-05,False,False,68675.67759564667,1941.998802625358,0.002751255365047035,79259.12630263982,2103.8078780643978,0.0015877466805538632,3005.3495831635914,246.07632919898512,0.014120844065639293,
0.28,1199988,13680,True,44283.039484056666,1.5869417328330503e-06,6.447965807600252e-08,1.0596952374523157e-05,False,False,67928.60667925102,1937.6300152948602,0.0022635027756559116,77716.86603356217,2111.5977663258186,0.0017066270308930818,3843.108816479922,244.51857397655152,0.023955931063089082,
0.3,1199988,13463,True,35561.971287864,1.4632066381796089e-06,6.154762676219389e-08,9.403264347216754e-06,False,False,62369.815450942384,1832.8624427894852,0.0026660089530267184,76218.60272351178,2093.1322185467175,0.001737726407429862,4743.077834974248,262.6847139677308,0.014873348249885577,
0.32,1199988,13586,True,28943.63801929064,1.3149202585800794e-06,5.911566658008157e-08,8.57000653313227e-06,False,False,65980.15962756083,1917.5055139340209,0.0021367807192366798,76773.84246272985,2158.1381012035135,0.0015249358973439104,4873.559038352445,227.1852139193574,0.016195973961420286,
0.34,1199988,13557,True,24477.825434865863,1.1821449842051349e-06,5.655441499516805e-08,7.87725972310859e-06,False,False,67933.12293704393,1954.1837440923775,0.0023754608839410226,77458.94210115356,2201.542473759325,0.00147803583824047,5518.981594118468,231.18797680437177,0.018812953105567142,
0.36,1199988,13571,True,21920.24848226131,1.131001410782268e-06,5.475311498291011e-08,7.288312915036448e-06,False,False,65080.63340179452,1920.5329735104858,0.002285566021290136,75287.75270914995,2132.2646348157814,0.0014917672602348143,6085.741133901522,240.4695182573568,0.01509301050976632,
0.38,1199988,13686,True,19327.509932819863,1.0199077407605584e-06,5.262157571408155e-08,6.743126396180833e-06,False,False,73122.59975936936,2119.376387089507,0.002085620147860235,79276.62863194852,2243.128053067531,0.0016609455357372465,6476.97655156381,240.0411813013574,0.01856951317502389,
0.4,1199988,13448,True,16782.050423945508,9.45356167011898e-07,5.0655140626101957e-08,6.322321536888837e-06,False,False,67546.93106544146,1976.109094325279,0.002920892172867998,79991.55764320618,2251.8577195002845,0.0013861425436277083,7732.2502246398235,270.52190310811415,0.013114283394370253,
0.42,1199988,13574,True,15009.270804549102,8.859755776558539e-07,4.963629446541279e-08,5.928356571812257e-06,False,False,74294.03346599407,2082.6168340067484,0.0023736845997573597,83033.56330133542,2309.2016725619833,0.0015036413571837845,7724.243166045845,260.74993483013975,0.015406474984774411,
0.44,1199988,13375,True,13771.373891348432,8.607512291909611e-07,4.872131848018045e-08,5.573634101179524e-06,False,False,72903.16918693716,2074.2730682784754,0.002131100448582669,78964.20848210447,2200.07247201675,0.0016627415448118572,8967.209723295082,278.9316358427371,0.014065807952356084,
0.46,1199988,13322,True,12178.281533406402,8.064424345584864e-07,4.787853737856037e-08,5.264047562462491e-06,False,False,73526.93505603545,2054.978538029716,0.0026057652211379677,80428.24997041983,2210.6587769505118,0.0016275210297027286,8201.159940403068,248.55578327029974,0.01856367094481601,
0.48,1199988,13440,True,11589.87012254309,7.604200641080775e-07,4.597657558090376e-08,5.029949239246792e-06,False,False,77890.12701144394,2178.0210359906773,0.002013320217650046,84261.78559452735,2284.3228680394127,0.0014092245695547037,9659.660726369631,284.3637054990612,0.01435768817064708,
0.5,1199988,13595,True,10769.843969773936,7.332670006686381e-07,4.497456399850812e-08,4.791185532433194e-06,False,False,75528.8686755029,2162.280216338677,0.001907847793096121,85408.51791211209,2309.819590367276,0.0013959522410400401,9464.756727523274,264.53390296827763,0.013336733578524253,
0.52,1199988,13422,True,9570.529368015348,6.962218605532805e-07,4.434583445027347e-08,4.5449091471881876e-06,False,False,74830.71622045772,2118.615305840198,0.0018452944915275944,84272.7625787732,2247.8296106575135,0.0014885944957750616,9248.987842392762,257.274042943902,0.018742860110220225,
0.54,0,0,False,,,,,False,False,,,,,,,,,,unsupported eta resonance
0.56,1199988,13336,True,8096.344473401615,6.497886521673668e-07,4.273635943351339e-08,4.159324856190395e-06,False,False,74488.43836326415,2138.721790658067,0.0018781589415750519,80738.92936992251,2136.551987149549,0.0015141918835760272,10446.430706333107,282.15498091202784,0.013164541626258918,
0.58,1199988,13489,True,7598.980809225017,6.326529311059362e-07,4.18568326281213e-08,3.939053009112666e-06,False,False,76628.94002980493,2146.132434981644,0.0018512646355011372,81983.49077056168,2140.006831316874,0.0014931123932242583,9974.551873407683,264.73939874910957,0.017325936233242502,
0.6,1199988,13337,True,7202.444054433496,6.06919582017641e-07,4.125838244395303e-08,3.788803046184816e-06,False,False,77827.32107134254,2172.558530569836,0.0016698735357612684,83889.9994885604,2174.055503539282,0.0015497166090982484,11182.56771929932,289.4582746989,0.01216715619759056,
0.62,1199988,13306,True,6778.262189446646,5.891260798196984e-07,4.07935037203002e-08,3.6123216337980407e-06,False,False,77962.16851721922,2172.1807733505175,0.0017777903247325837,84081.35645330606,2153.3524906288553,0.0015651067773960463,10812.88174861205,280.7924411723553,0.013682655967053262,
0.64,1199988,13363,True,6521.063710778412,5.680438836850595e-07,3.992621496850137e-08,3.5045759738880038e-06,False,False,75294.89861633886,2128.6839564342727,0.002407745473613413,85532.92826417765,2179.9726261162727,0.0013190810350542296,11279.817149329374,290.834245177004,0.01591087899444635,
0.66,1199988,13244,True,5784.743676761913,5.462233911935431e-07,3.95471415935379e-08,3.3817534332270492e-06,False,False,79900.87918672049,2217.7079634023926,0.0018140789910068306,84319.47698749468,2137.0386362545673,0.0015202062503930718,10760.513102645025,271.83616478889024,0.01625515519501934,
0.68,1199988,13169,True,5801.240443075833,5.407699913950929e-07,3.892393129060896e-08,3.2446526330939114e-06,False,False,77967.74836633439,2209.6104153408214,0.002049810098385226,83206.74439617651,2107.4022516139794,0.00149211618245708,10700.086894447051,270.6633175203265,0.014277055771300798,
0.7,1199988,13347,True,5434.356913566423,5.285884127738124e-07,3.835645143190938e-08,3.143857525759831e-06,False,False,78529.63488249714,2216.4882159856734,0.0020324999612444626,85417.37263435766,2154.242201217665,0.0015931619401407845,11050.861388573037,272.15111429137113,0.018057452048585897,
0.72,1199988,13156,True,4985.1625055344575,5.08837523491691e-07,3.8105774624689854e-08,3.0334886293235018e-06,False,False,75775.39621944493,2128.1720307006713,0.001754907527766705,83843.59341997917,2093.6413408377716,0.0016600363740996028,12016.748747911417,309.71382838117916,0.01378680996644258,
0.74,1199988,13369,True,5012.345937038408,4.893273559295849e-07,3.7048680084350526e-08,2.929733432592559e-06,False,False,84042.68856854193,2337.5929547615756,0.0015910371433897118,89383.09894782292,2223.907595124771,0.0013642318669516065,14706.787153466792,379.2401794187733,0.008313623086186613,
0.76,1199988,13367,True,4552.514781716454,4.841964251725865e-07,3.711435398851459e-08,2.848223895406796e-06,False,False,79545.26932325601,2224.871385818903,0.001546550166898307,84275.77078300981,2087.2278276727866,0.0015796672773414288,11096.986284828194,287.7131899582324,0.015770953044502125,
0.78,1199988,13158,True,4276.857561821772,4.6624287934815784e-07,3.676367079971724e-08,2.7509889624863803e-06,False,False,80318.45097560374,2266.918548488257,0.0015801651251026987,85774.69384915242,2118.535896838892,0.0014696812875518105,11719.389954630871,307.52567232855586,0.012198219601528419,
0.8,1199988,13193,True,4207.258325549168,4.5574930226537113e-07,3.6236950263830507e-08,2.648928199889261e-06,False,False,79466.22866117289,2259.626663915198,0.0018146441074545748,85832.875075454,2088.784746601791,0.001376737083921735,11041.965406627642,287.35863256093876,0.013379561569000305,
0.82,1199988,13311,True,4142.319814764962,4.479111842242273e-07,3.5766798283074044e-08,2.5755119172816665e-06,False,False,82324.95885502102,2325.2636026194855,0.0017606414354599245,88611.6289949739,2159.9575117026748,0.0014129606845449622,11501.898156371002,305.0077682157327,0.017239441034853958,
0.84,1199988,13130,True,3776.4159429916335,4.3975573705901613e-07,3.5285427066059175e-08,2.4734608192931475e-06,False,False,80405.38352800114,2281.336403653351,0.0014972943560297056,86035.09927429774,2095.023149802018,0.0015603949784455731,11758.909585821993,310.4797628747995,0.011821530692388213,
0.86,1199988,13182,True,3539.5348795472946,4.225218967246415e-07,3.516657931358843e-08,2.410820037657546e-06,False,False,79899.75676637108,2307.9541444133038,0.0014644195590831808,86151.70555744725,2113.9344241222725,0.0015144934691817943,11929.446548052234,321.87459535111276,0.012207638546108549,
0.88,1199988,13067,True,3455.3681770428225,4.127898249138246e-07,3.484877695726142e-08,2.315941141590326e-06,False,False,80795.85817026133,2326.1686715944356,0.001558990518658856,84565.02340443374,2063.2575830202254,0.001575072079887206,11542.75022964904,312.841625175367,0.011704691969929338,
0.9,1199988,13192,True,3112.8078570393104,3.984265378869384e-07,3.4299574382531943e-08,2.2222022866969155e-06,False,False,76768.64032860943,2328.706503189923,0.0017088717582257682,83119.22827577085,2089.008055957378,0.0016471638204169556,9882.712337219235,283.2920874712506,0.01718961515997978,
0.92,1199988,13173,True,2379.6564787104144,3.50632016177078e-07,3.2799752719928774e-08,1.9464605473714e-06,False,False,70844.24958725998,2341.6118052066545,0.0016213388010731002,75356.1129456428,2116.6921588916257,0.0015478232284948574,11260.046717574502,362.04926000556446,0.012237884754626959,
0.94,1199988,12899,True,797.3878549680699,2.3285691859588289e-07,2.823296361875703e-08,1.1427503155320535e-06,False,False,45564.14725671351,2185.3349205008153,0.001722885265569067,48953.453372942015,2006.5249814430254,0.0016670259641500995,8007.2888695043375,353.8365273666773,0.014209532218293118,
0.96,0,0,False,,,,,False,False,,,,,,,,,,unsupported eta-prime resonance
0.98,1199988,13114,True,364.8337827885044,1.6068561715031862e-07,2.4049009148678924e-08,7.227433247414468e-07,False,False,46000.87947771238,2249.973355022822,0.0015419375224976985,46717.63028605142,2035.6587449252906,0.0018219397450138773,9166.46183831544,376.9857086259557,0.01382067650847005,
1.0,1199988,13054,True,645.3943819053326,2.1180580660840743e-07,2.7055481247018036e-08,1.0038196808609447e-06,False,False,52036.713790721886,2320.8014165739305,0.0016293796954574614,53294.1688496074,2000.3360995736543,0.001848251213645311,10388.971046221222,411.35587790392,0.01190045268292778,
1.05,1199988,12860,True,660.3048540711104,2.152902106730405e-07,2.7367250002363043e-08,1.0212935248486877e-06,False,False,55845.83783828949,2300.726804925575,0.0015691511653978714,57370.008119252794,1984.649194988628,0.0016936510157517129,9301.107493253889,352.52758399787433,0.0162369304378878,
1.1,1199988,13047,True,413.5702965663213,1.7065658063647872e-07,2.4790475899081373e-08,7.747871451447715e-07,False,False,51677.37935681111,2330.542720176964,0.0015126596225038395,54081.03706142204,2081.4916556291623,0.0016837946003540561,9492.021657494652,397.90840238996384,0.011382816606155493,
1.15,1199988,12806,True,179.82531480201183,1.2016547328793595e-07,2.1877591148716785e-08,4.892082215003068e-07,False,False,43675.205303806164,2241.051651626923,0.0017749552173101186,45546.67649013398,2021.4285096260996,0.0018249605749077586,8341.481548244312,380.7575545281253,0.011925035702488783,
1.18,1199988,12857,True,136.3340723740414,1.0291161087223166e-07,1.9951893530550228e-08,3.899432227458175e-07,False,False,44038.04563500094,2302.5554967880344,0.001501157965650037,43721.44918976515,1979.4256050021029,0.0017593023839491688,8389.2816883455,399.0369872931181,0.012159989215818488,
1.19,1199988,12837,True,118.99409789885458,9.652527455857203e-08,1.9786145681604484e-08,3.68146475131934e-07,False,False,44035.753225692984,2285.405826257435,0.0015331841963528716,43881.9551822555,1992.2487541682663,0.0017360706784672376,8400.696739025489,413.6717734196952,0.011965076364473548,
1.2,1199988,12815,True,105.2269588438324,9.295108260037015e-08,1.9581714971242455e-08,3.4440833408471525e-07,False,False,40723.96643473689,2189.7541676052533,0.0016536107664119957,41075.90542126026,1915.0924325766985,0.0017846846548510318,8732.331569248434,449.10125603657406,0.011283303652677792,
1.21,1199988,12791,True,100.86702598661743,8.968544088735662e-08,1.9010169253906378e-08,3.272903497396838e-07,False,False,40742.18885877664,2260.093581954765,0.0016025807033152675,41256.74171129227,1982.6421137296009,0.001824999643197126,8807.39986214035,470.7615627330999,0.010237753701614512,
1.22,1199988,12883,True,87.09543921525487,8.581572908102431e-08,1.8900812776024625e-08,3.050649768784365e-07,False,False,39978.73002125093,2306.782513230024,0.0016429911974541744,38684.33900421722,1957.7758049833405,0.0017338086604001646,7771.423135581654,426.0613288615798,0.011433496010032,
1.23,1199988,12674,True,86.66858558813259,8.3479386535225e-08,1.8400598588073453e-08,2.9226144365426126e-07,False,False,38507.314267931375,2303.676080583543,0.0014391114698863905,37746.966430486944,1971.6535036453351,0.001787704988385317,7623.860072369616,422.31365390381825,0.010851281886751867,
1.24,1199988,12810,True,76.110991014293,7.873621943388462e-08,1.8056418102049653e-08,2.7199819732746164e-07,False,False,36207.16667769076,2251.403733165869,0.0016610938218464162,36320.54547228179,1925.995557098052,0.0019767715106823757,7900.4278737205295,470.6747139901611,0.012157598942345953,
1.25,1199988,12832,True,70.52247077524378,7.567184652774989e-08,1.7804413766099827e-08,2.637565205599676e-07,False,False,34840.97485620586,2229.795167166186,0.0019637660131071283,34888.27720367499,1950.7296178122442,0.001643935464440474,6416.971244539929,399.85150030426723,0.013825980082404436,
1.26,1199988,12745,True,68.93745287616589,7.282901558297093e-08,1.7305245134757053e-08,2.4963037469344727e-07,False,False,33998.63096149853,2314.416064396159,0.001587046737012057,33576.880269577145,2005.943848486401,0.0017423319687048112,6185.98252642031,417.2624205499615,0.010277707240575902,
1.27,1199988,12885,True,61.63150581092054,7.062935356885816e-08,1.732052746561096e-08,2.3511156786604308e-07,False,False,32076.697684089704,2314.231769635443,0.001808393341023677,31251.677525209052,1960.682152472719,0.0020152780795088623,5548.773521376971,391.06463439922015,0.015012315100869648,
1.28,1199988,12833,True,58.85560611627582,6.813922970812434e-08,1.694519494900282e-08,2.2690376243634591e-07,False,False,29832.695398415133,2309.3164883871837,0.001531495471095079,30379.63176316591,2036.7481958638925,0.0019750671034477543,5381.077517820685,407.96175178095996,0.013327390687227565,
1.29,1199988,12716,True,54.769001061479564,6.60272574188863e-08,1.678584193043494e-08,2.1852494224310537e-07,False,False,27500.776643011162,2218.242421332078,0.0016572109575350659,28674.83601003041,1981.3064027173168,0.0019700796072707797,5459.535322109695,428.6062705306999,0.012865590200014848,
1.3,1199988,12855,True,51.44036030590271,6.446159874929373e-08,1.653096697210635e-08,2.0613223298823755e-07,False,False,26084.904180604986,2271.6678550777,0.0017967906992444325,25814.057675907592,1988.4873011559096,0.0018380598964617097,4935.04795891716,408.42417707696876,0.014620141495785144,
1.31,1199988,12555,True,46.762509253252944,6.25210841687672e-08,1.6547198763168056e-08,1.9264275615054542e-07,False,False,23861.6589248149,2143.4448575928477,0.0018258584624764194,23087.073406981024,1834.9610735032109,0.0020050059634278148,5139.544933262058,496.9529122945994,0.013380679023449785,
1.32,1199988,12880,True,44.64036422147928,6.150199499179204e-08,1.623054369706123e-08,1.905950255955972e-07,False,False,22942.20942646411,2211.0465796490976,0.001659256816491329,22362.615713926483,1829.3361550447491,0.0024855618971485454,4747.817967285153,430.35256635945916,0.010997206122054385,
1.33,1199988,12715,True,42.814614240835354,5.95749798353295e-08,1.610750178090679e-08,1.7941075794538955e-07,False,False,22715.130450337365,2212.665898415088,0.0019890549382883416,21181.604945420826,1836.5144105813376,0.0020504035124407037,4348.7141550923,411.87019224281585,0.012678037781521294,
1.34,1199988,12747,True,39.41454443730959,5.6437111277238215e-08,1.5883802395561705e-08,1.7031929080894468e-07,False,False,22410.912553582955,2248.5663954387473,0.001897165920941809,21052.506558543206,1855.6212321219516,0.002273343419003707,4830.921880194733,488.3134586831246,0.012384562408478794,
1.35,1199988,12615,True,37.41922567801767,5.473393809690911e-08,1.5537982019039687e-08,1.631766901939309e-07,False,False,21685.933287746117,2198.2926553280804,0.0020758206752891795,21171.317166267643,1920.4927074503348,0.0021526076830785112,4694.645664116209,459.2008757217398,0.012859081400400393,
1.36,1199988,12694,True,35.994131626524485,5.424190133629379e-08,1.5434185196167772e-08,1.5908713039998047e-07,False,False,21722.242436370572,2212.3888476828956,0.0019041360515933859,20224.74079361916,1840.0198901895717,0.002829753866863885,4598.5591534482755,461.45663412694194,0.011327628315446573,
1.37,1199988,12676,True,32.926248007562954,5.172110966809876e-08,1.5334324822932773e-08,1.5295683324904705e-07,False,False,21172.309877312025,2192.5921816998984,0.001806571375896331,20402.25190589695,1884.0135330370315,0.0025694680521973256,4402.579059664912,443.2515730656925,0.012077164628513722,
1.38,1199988,12642,True,31.85675615787061,5.1247352645415106e-08,1.524419333519763e-08,1.478394065423336e-07,False,False,21325.789676530978,2189.402342941858,0.0018217983155771804,19682.477884567248,1811.3999710533885,0.002101261414073519,3857.5304528191273,395.4920968784217,0.013976701432828531,
1.39,1199988,12709,True,30.210351916117812,4.973233743895962e-08,1.5103661776916128e-08,1.4024333353483366e-07,False,False,21504.645015569113,2200.6632813167525,0.002052524217520542,19356.305795332646,1803.741289535559,0.0023351481770995655,4656.206589710571,474.5451290186774,0.01149720640172085,
1.4,1199988,12539,True,28.407842456403127,4.8130947963921875e-08,1.4823964688517674e-08,1.3307632626553206e-07,False,False,21414.97601777351,2197.7744435040104,0.0018046455344574016,19652.340582191064,1823.4871629347458,0.002333394279416129,4806.6857279212045,505.46518904716794,0.012251595809913824,
1.41,1199988,12511,True,26.44416482036271,4.668902541553993e-08,1.4787220889141472e-08,1.2796481420672978e-07,False,False,20664.77735078054,2156.4738987614564,0.0019496215843129144,19548.637317759454,1815.4083028359169,0.002319931431935993,4549.862393322599,487.3913328933618,0.010109466078148287,
1.42,1199988,12636,True,25.12089793313038,4.626079873007706e-08,1.474778128530979e-08,1.2236479495368063e-07,False,False,21600.859039333813,2228.280129791082,0.002511098990163916,19507.063086064012,1815.7363518284621,0.001892092386237559,5498.783544897463,540.1439544730185,0.010813081028000155,
1.43,1199988,12510,True,24.958599688168075,4.510843701456537e-08,1.4485605138797948e-08,1.1972161385172015e-07,False,False,22145.66431506049,2255.655867705808,0.0016108321074507818,18938.622117735675,1758.5557622639749,0.002237652821397888,4398.5636923414995,456.9734796112604,0.0107232631240037,
1.44,1199988,12738,True,23.97578662954974,4.341783371200457e-08,1.4228624802789505e-08,1.1614081950404597e-07,False,False,22727.996494877872,2342.6180330924735,0.0014928752617460676,20507.93205773515,1892.9517572318712,0.0025803822676739867,4262.722415730117,438.92681266698395,0.01207196317730402,
1.45,1199988,12719,True,22.86908357456211,4.2968388564685317e-08,1.4176075209113679e-08,1.1163813521329552e-07,False,False,22744.343062616103,2316.3918012120766,0.0017630699789212647,20104.307275938125,1837.196446954745,0.0020896162834415657,5153.024652239922,537.5022283345502,0.00875072335080845,
1.46,1199988,12670,True,21.76035162536901,4.1967627136401606e-08,1.4079205444613428e-08,1.0849180142649973e-07,False,False,23410.039987220964,2318.040179682302,0.001576962755576058,19882.35655363293,1785.6429980118003,0.0021328029379613874,5083.725437247235,501.82812138668214,0.011710712757814363,
1.47,1199988,12681,True,21.35411409634364,4.086951966005994e-08,1.3899293157994931e-08,1.0735330152406527e-07,False,False,22871.07607833607,2246.989525410899,0.0016075398267744781,20968.142283084948,1891.8138746148322,0.0022140268575950826,4449.210460157117,459.9245273280124,0.01201334555541401,
1.48,1199988,12807,True,20.738125005340343,4.0979777744692215e-08,1.3947669599672556e-08,1.0393460557037573e-07,False,False,24217.11019035967,2400.259993427483,0.001659113813649159,20517.355297711776,1845.5849237440464,0.0018595992001768505,5081.653953357344,517.6950397173158,0.010593083755793922,
1.49,1199988,12761,True,19.432555873482006,3.977573936531059e-08,1.3846840369397919e-08,9.974589674699991e-08,False,False,23280.344663261254,2304.6096314411266,0.0015948045085254071,21211.38938058971,1877.2044825167943,0.0020492910446830654,5176.755076891876,529.5282181818011,0.011440923545727542,
1.5,1199988,12495,True,18.207861045254045,3.912343517998322e-08,1.3858052397106113e-08,9.736569630182004e-08,False,False,22509.279083434703,2177.4278285905107,0.0017847283477631522,19578.54316196169,1747.1030104252686,0.0022495179548691537,5442.0207596848695,544.0390088052437,0.009016128920552044,
1.51,1199988,12443,True,18.447016915132263,3.899527360294702e-08,1.3740021867125564e-08,9.570062545675305e-08,False,False,23550.905006875928,2282.8175870272376,0.0014717239554794496,19958.84206255381,1787.469675456402,0.002248796138041497,4827.083270923742,488.9363619726851,0.011737487590834528,
1.52,1199988,12537,True,17.915546245045228,3.8098014890702657e-08,1.3689456959948023e-08,9.512935584807835e-08,False,False,23652.239831082785,2304.757268214307,0.0018431078912756148,20758.349507876428,1840.7621649410137,0.0018846959913190213,5239.81440225848,516.3000659562707,0.010694966084674204,
1.53,1199988,12706,True,17.83790917188348,3.819200034406676e-08,1.3705217535582106e-08,9.242248664764507e-08,False,False,23577.868603502826,2271.938788555503,0.0017986148877643998,20728.15919433137,1828.2822616698086,0.002490583448273842,5804.27942403237,567.1513210129776,0.008936822448489385,
1.54,1199988,12374,True,16.70255262808483,3.631887987118251e-08,1.350505092057556e-08,8.833244388756401e-08,False,False,23631.71924012651,2254.342119635775,0.0016314594402979073,21657.7019642,1892.0935887067244,0.0021077847515046356,5707.977490418432,545.0524957255707,0.010011236106959137,
1.55,1199988,12645,True,16.57322169813311,3.6963941839839914e-08,1.3552055203511829e-08,8.870748830390065e-08,False,False,24585.590883208773,2276.435396057505,0.0016643796391711135,21552.668825177636,1852.4319623781623,0.002005683786027472,6393.193304871466,622.299765179309,0.007600678932665362,
1.56,1199988,12629,True,16.456778081844682,3.692614184988312e-08,1.360692126428641e-08,8.814290660419564e-08,False,False,23670.197121751105,2254.4209963966164,0.0016675736334991493,20387.202214806584,1802.521471215429,0.0019237126991208167,5765.752752867082,575.896771184226,0.007912656494001207,
1.57,1199988,12633,True,16.18696110834908,3.6295728494597787e-08,1.3522505846963465e-08,8.518705100437988e-08,False,False,25032.868628564156,2253.6773323274488,0.001832698469442379,21264.687148401474,1722.6734156563014,0.002031505245720061,5934.463514273115,543.5392958138265,0.009173527146538261,
1.58,1199988,12696,True,16.1833918443033,3.6265780602132076e-08,1.3449318605700091e-08,8.727937762139849e-08,False,False,25945.456150263446,2296.318966247947,0.0017019070319765914,21747.248219030513,1781.8214779711295,0.002230282112845336,5719.997695572064,532.3425380526074,0.008598313562776681,
1.59,1199988,12418,True,15.294382215695943,3.5349546455892485e-08,1.3341841176145294e-08,8.527005507536453e-08,False,False,25060.786546457064,2251.944901493978,0.0015173234477152294,22797.519436774117,1825.570409148455,0.00231556825155064,6002.870650665847,527.5678414317952,0.009301539805020513,
1.6,1199988,12291,True,15.104256442127337,3.447735740379197e-08,1.3138123361708256e-08,8.062290038385576e-08,False,False,27477.215645535925,2241.6211529166317,0.0015507359297200738,23164.138527639017,1783.500645406249,0.002120354808054697,6707.593163686366,560.7865412285931,0.012404059542467177,
1.65,1199988,12525,True,13.904285514451935,3.3489057258209694e-08,1.3208810037287014e-08,7.752403080199535e-08,False,False,31133.23930390284,2288.118148040462,0.002325229960972969,25794.268707091902,1775.4306120348701,0.002317654023692765,7195.311593288643,548.7580149113898,0.008916403385331681,
1.7,1199988,12454,True,14.019051312922793,3.311351111165557e-08,1.2957136160471423e-08,7.464868731906525e-08,False,False,33709.75835348652,2274.729694029971,0.0015116650959578666,29352.74934114002,1810.6446477616591,0.0019373630101465582,9507.356254908042,669.1729897928993,0.00853501301370101,
1.75,1199988,12326,True,14.290147121805388,3.328907162649777e-08,1.2946263576712257e-08,7.621181579005067e-08,False,False,38063.91956413394,2350.7299043455114,0.0013788563671281273,32563.087660550846,1835.1565703790732,0.002486605544053873,9847.4503878141,627.9437619657236,0.007233336566306493,
1.8,1199988,12328,True,15.468510540858997,3.489183789047674e-08,1.3161400128071788e-08,8.169297261915291e-08,False,False,40336.929199821854,2330.5613951818937,0.0013143845348634238,34375.27315730363,1777.8672862427145,0.002148191799868935,10272.386700013076,600.7626295078409,0.008135360403137873,
1.85,1199988,12147,True,16.619078378570546,3.669332098312359e-08,1.3596807112791454e-08,8.891662681795033e-08,False,False,41024.51593317869,2219.398982639578,0.0016973223654667424,36171.73318161087,1780.9061564331555,0.002139813735387361,10134.971918813611,558.2303730833585,0.010152905044722722,
1.9,1199988,12177,True,19.940464646248635,3.9950658881303055e-08,1.3923525813067452e-08,9.975855608286634e-08,False,False,42946.08079512218,2280.4720215447524,0.001411743545467938,38286.339413007845,1785.6337269715561,0.0020328324488447743,10805.417312767424,599.5490142690469,0.007369410129822575,
1.95,1199988,12216,True,24.817150237709594,4.324771013515474e-08,1.416579101450721e-08,1.1245687043511551e-07,False,False,45077.23609743706,2330.6511026376397,0.0013377830929766482,41038.031584513374,1833.704851267592,0.001943263322344103,10004.556517028606,505.7206347432497,0.009678224094517194,
2.0,1199988,12233,True,26.46362470261405,4.7511262601529406e-08,1.515736988083835e-08,1.2460279278929228e-07,False,False,61530.72554408491,2366.2692254840076,0.0012002462818755484,57084.832093610625,1723.3798535486533,0.0021479439243691123,15450.937015391883,507.51892272284084,0.00987569814112619,
2.05,1199988,12279,True,25.22300535510473,4.5941459313169374e-08,1.5003951038039486e-08,1.2023038339672778e-07,False,False,61825.04681011087,2347.5578290892076,0.001261337137666167,59810.17587433476,1799.8632138934822,0.0017963702031471563,16348.852228464362,541.1310316157644,0.008371799235324922,
2.1,1199988,12075,True,23.207852933478115,4.45552368492883e-08,1.4920010581783978e-08,1.162195643058679e-07,False,False,62461.11670112297,2379.9417034700264,0.0013425747836106885,60135.17435622942,1809.3399407298398,0.001821655644828978,15810.072854835833,527.2008239625168,0.010357607390218165,
2.15,1199988,11963,True,22.37540874279844,4.455494710469509e-08,1.501348876511399e-08,1.1243488366546202e-07,False,False,59873.42935431654,2318.7628941830385,0.0012726594130952897,57227.82201103521,1721.9579677309423,0.0017953271773883794,18529.974302997052,619.6059804876821,0.007387824324076816,
2.2,1199988,12150,True,22.478559006233876,4.3834605543339314e-08,1.489872078952392e-08,1.0990748256878959e-07,False,False,62267.415321473854,2345.8314746776136,0.0013522379598693468,58653.109977659435,1745.7288636795743,0.0019511742526810716,15715.007965951369,520.6180561160471,0.010367317211244925,
2.25,1199988,12086,True,21.94315482596846,4.277130628409812e-08,1.4713466853767015e-08,1.0592420748525714e-07,False,False,63489.52930772498,2427.088355379492,0.0012170995584984828,60272.517993195404,1813.0441538135722,0.0017819034195665187,17828.65413000787,582.562267415137,0.00645119131789158,
2.3,1199988,12150,True,21.357673606316133,4.308169890006045e-08,1.4850270134232826e-08,1.0609701112446212e-07,False,False,61375.46287348192,2368.153714470353,0.0012982768452981983,58835.244220993874,1770.8505072953103,0.0019633211646602504,17610.290469982454,568.9858000176581,0.008692762116442848,
2.35,1199988,11915,True,18.951214805501465,4.224710637879787e-08,1.503929637160396e-08,1.031659866911665e-07,False,False,57885.36492038786,2271.175872374602,0.0012780061154776484,55722.01921743382,1693.3242703768806,0.0018508794475056102,17189.62321593165,558.8117668151382,0.006887674805616901,
2.4,1199988,11949,True,19.029950713132088,4.2208378859461645e-08,1.5165793263554707e-08,1.0314950107012138e-07,False,False,58490.97854014217,2258.0608584409097,0.001276052269078694,56935.36290760022,1722.5391554429,0.0017904621727948494,18110.989647695205,578.6072061367771,0.008000292344990495,
2.45,1199988,11875,True,18.909419512490715,4.281173564877224e-08,1.5351935828200774e-08,1.0267536136071875e-07,False,False,58421.21626490279,2274.0408916490574,0.0012482265244711504,56068.4832243801,1708.2261095708022,0.0019379440393075165,19941.518122878253,653.7547418242564,0.005814053168156092,
2.5,1199988,11870,True,19.81377664990189,4.351994021904911e-08,1.5490175276680528e-08,1.0468887260296128e-07,False,False,58274.075995538115,2259.022539197965,0.0012446334132035289,55093.86425328892,1672.8689931277916,0.0021308675833184333,19114.260565326247,621.414938108975,0.007252597771409753,
2.55,1199988,11809,True,20.236774484829706,4.522449747600521e-08,1.589327191011006e-08,1.1035867203270597e-07,False,False,55743.50302443514,2242.646233493585,0.0013402954346722097,54910.374176505604,1667.4153040906042,0.002030280636112768,17659.42367768509,564.8149095455158,0.007920789953329373,
2.6,1199988,11945,True,14.9150208325726,3.787444357386599e-08,1.4801058697890446e-08,8.636136751313201e-08,False,False,59834.76751490358,2333.9124231541873,0.0010956717011656703,56130.69278017687,1722.8643694281445,0.0017001978476944646,21514.536946123564,695.4613052467147,0.006070350145331526,
2.65,1199988,11831,True,12.764738476931889,3.554958995437646e-08,1.4653780796129393e-08,7.663475034995311e-08,False,False,59796.62987163234,2287.697720278891,0.0012224095503257668,56646.250746591504,1712.0445863666575,0.001891341575166206,21490.491904809318,681.7483878461198,0.007076966647503396,
2.7,1199988,11614,True,10.343974276637505,3.278812539220343e-08,1.4651384072390733e-08,6.710408412157115e-08,False,False,57597.46893895553,2169.495616753155,0.0011572058456953234,54140.562328467095,1676.9274796113468,0.0017983006950446946,22282.90382065043,686.2003207632247,0.006411332469455599,
2.75,1199988,11761,True,9.237692671782433,3.134801621648629e-08,1.4576279430831624e-08,6.280872400295679e-08,False,False,58610.44367504725,2199.046524303136,0.0012487001505559869,54186.624894915396,1673.028565690975,0.0020424088965307835,24236.311633964484,751.6493016830407,0.0062799469323188365,
2.8,1199988,11787,True,8.201145329596066,3.014057440076103e-08,1.462039975203947e-08,5.774918387805343e-08,False,False,58491.631470881024,2183.3382772048813,0.0012294890333185507,54173.9212580352,1670.0078255332605,0.0018603130395312148,25940.926469155642,807.1217442551397,0.004586635723290681,
2.85,1199988,11766,True,7.510666936076425,2.899071329523152e-08,1.456211788290622e-08,5.438587057025059e-08,False,False,58208.44184586188,2155.8694990059867,0.0012045654340221193,53955.45511336304,1670.9649544252584,0.0018152447610875302,26137.668762178655,802.7894290953991,0.005252476923437847,
2.9,1199988,11763,True,6.676375620754223,2.7648639761375108e-08,1.4630945217311957e-08,4.903486814563536e-08,False,False,57791.15387532155,2128.2429720248315,0.0012356827071158007,52283.34340655996,1629.1880561633002,0.0017229571253555233,27920.096569631503,852.4223322534682,0.0046063426439534,
2.95,1199988,11684,True,6.0421178053311,2.676270473975683e-08,1.4800905646324547e-08,4.5761108521728266e-08,False,False,57674.439251091135,2120.7578904846027,0.0011899241935055534,52431.3209827706,1647.2010881555573,0.0019088419954194518,30149.312513761302,928.6348486384107,0.004083803693190542,
3.0,1199988,11582,True,5.427595526349357,2.5853644830373702e-08,1.5064341121717574e-08,4.2283079376099434e-08,False,False,57393.85041812112,2059.190386253115,0.0012484560875663988,51973.730054171174,1634.6871854123656,0.0021278694011414565,31407.931470515086,968.3755936080263,0.004821396110217262,
3.1,1199988,11540,True,4.405059097501073,2.4182011896487655e-08,1.5691727217988278e-08,3.628566161330748e-08,False,False,56313.93354580229,1978.2760676008077,0.001265340878806432,50242.34869889528,1581.9922881434952,0.0018152415404183878,34246.6243092188,1045.8315266881466,0.003321522072502308,
3.12,1199988,11594,True,4.130167026730516,2.3847158571917062e-08,1.6158793458276604e-08,3.438444759578829e-08,False,False,54417.17860721298,1895.118791400716,0.0013580625513819656,49790.10187894044,1566.1355799280668,0.0018004896281171394,36588.66957033934,1114.5149866098789,0.0029490124793479606,
3.14,1199988,11662,True,4.0611131710919794,2.3524381810692976e-08,1.6141576949940572e-08,3.358325930303515e-08,False,False,54790.54414718461,1900.6019832210231,0.001315079211517179,49665.07486005672,1579.6820518270035,0.0019817782162733,36380.1403714033,1122.646717001126,0.0031150712206897656,
3.16,1199988,11631,True,3.9529883610831793,2.3351857654982557e-08,1.6309786394209362e-08,3.28170241171143e-08,False,False,55241.67103162034,1894.2656406277358,0.0013985383694690324,50604.931030243744,1587.9677244579796,0.002070484787863167,38272.51857291778,1159.657172120899,0.0032259658559190434,
3.18,1199988,11569,True,3.610081799389116,2.3062730029292367e-08,1.722058311343988e-08,3.041426597101776e-08,False,False,52078.204833972726,1775.1514112791428,0.0014351721992684411,47122.336403627116,1504.2253245049465,0.001850422474352307,37971.35706136707,1180.4630758474975,0.0027236489267927605,
3.2,1199988,11759,True,3.591679659944922,2.283954648021379e-08,1.7076690502289884e-08,3.016940153921266e-08,False,False,54013.58248943993,1873.4817292624064,0.0013187575284485343,49395.31301055411,1596.607679860893,0.0019350195952471802,39883.03386883722,1248.4565398728416,0.0025803761838128244,
3.22,1199988,11590,True,3.635119472425531,2.249834402762369e-08,1.6741480904334344e-08,2.9769967318124684e-08,False,False,54969.57305622687,1872.5987328538283,0.0013246468074038767,49914.0440463917,1587.0134482152366,0.0017259236479077638,39782.10716870105,1225.7132583633288,0.0024487336197672794,
3.24,1199988,11580,True,3.2270782167319987,2.233275599596459e-08,1.8577900434952878e-08,2.6700010148337486e-08,False,False,50688.104673596274,1680.6796197849187,0.001568806148827878,46593.285001168275,1479.0900162506523,0.001940337041950315,40875.89782484193,1264.8345116855721,0.0025012797484318347,
3.26,1199988,11580,True,3.1364410336826722,2.1933430920027553e-08,1.9036779399686167e-08,2.5186803790807564e-08,False,False,50427.5604315246,1651.7363980644798,0.0016936269714940093,47329.61286254395,1503.547116226303,0.002086890809158389,43155.12799517047,1344.4909630199093,0.00253166124717114,
3.28,1199988,11451,True,3.061707264388429,2.208349695153153e-08,2.0090944670785174e-08,2.423030004171956e-08,False,False,48345.84359754076,1554.7807485881308,0.0018669531102519254,46287.20319218327,1464.5936450394854,0.002061728824386737,43790.02062703555,1368.564265454409,0.0022458174663393107,
3.3,1199988,11508,False,2.9716874509213342,2.1641761462379936e-08,,,False,False,,,,46824.725014276315,1495.8316749980393,0.0018049315015869869,,,,
3.32,1199988,11557,False,2.7007242394864956,2.105657140907964e-08,,,False,False,,,,44673.25137994766,1439.1496952435627,0.0020400198665655417,,,,
3.34,1199988,11497,False,2.713815247493822,2.104738082786085e-08,,,False,False,,,,45815.56798483128,1476.700145203157,0.001940171527559092,,,,
3.36,1199988,11577,False,2.5562858706642757,2.085527555073427e-08,,,False,False,,,,45305.659779845744,1475.9881127230472,0.0019627327767990366,,,,
3.38,1199988,11565,False,2.523702828400304,2.0622812539906535e-08,,,False,False,,,,44276.8604082619,1417.4872282675071,0.002144408144910919,,,,
3.4,1199988,11586,False,2.39009640367771,2.0446081997168286e-08,,,False,False,,,,44566.794774426475,1425.9075485345866,0.001987414135871073,,,,
3.5,1199988,11521,False,1.9509969757428665,1.9831419008252164e-08,,,False,False,,,,40476.137441820414,1295.986489583749,0.002999571181181216,,,,
3.6,1066656,10266,False,0.7904504144505999,1.2805803979406956e-08,,,False,False,,,,40973.956465555544,1239.9045980027163,0.0026498826875115114,,,,
3.7,1066656,10169,False,0.48920178649215085,1.0646494288814062e-08,,,False,False,,,,37407.95578954003,1123.5024968083528,0.0030259921755254205,,,,
3.8,1066656,10129,False,0.2690663662060795,8.255514845891513e-09,,,False,False,,,,33334.60422224394,957.769388608749,0.003223104936510468,,,,
3.9,533328,5025,False,0.18557742218117904,7.1996182196209035e-09,,,False,False,,,,30859.854224199167,875.5558881285642,0.0038793743555300773,,,,
4.0,533328,5155,False,0.13858473472157293,6.605932282761087e-09,,,False,False,,,,25569.853495033098,720.4872536382484,0.00481579161618943,,,,
4.1,399996,3787,False,0.10664063344478354,6.475947564681841e-09,,,False,False,,,,21047.585897276655,580.8387912439811,0.005289564364549719,,,,
4.2,399996,3824,False,0.08189102544671133,6.020389984921582e-09,,,False,False,,,,18121.80944066239,506.6651558991158,0.005495841582570711,,,,
4.3,399996,3816,False,0.06948031976880571,5.652147438913131e-09,,,False,False,,,,15385.110065962861,418.3316123470138,0.005543730353418178,,,,
4.4,266664,2612,False,0.05006567875329301,5.447068043229807e-09,,,False,False,,,,11804.695136889095,323.5533693746348,0.0066951892711266175,,,,
4.5,133332,1324,False,0.03968971546403762,5.189306668075484e-09,,,False,False,,,,11148.316796630408,313.7900417456356,0.006838590956005477,,,,
4.6,133332,1285,False,0.03509358884478358,5.08188479058283e-09,,,False,False,,,,11210.26625591642,310.75155605572417,0.0065721658256607815,,,,
4.65,133332,1298,False,0.029911651642826338,5.118583800252097e-09,,,False,False,,,,10865.419691134211,300.36746556061155,0.0068412996857202205,,,,
4.7,133332,1240,False,0.022390318530939948,5.003213403251634e-09,,,False,False,,,,10554.564071358815,291.83807923678177,0.007293377403814044,,,,
4.75,133332,1275,False,0.01646485359527223,4.891160997650112e-09,,,False,False,,,,11535.689320842366,319.8952264290439,0.006783796736754421,,,,
