flavor,mass_GeV,boundary,u2,channel,N,frac
Ue,0.2,u2_min,3.893636789114528e-07,Kmeson,2.9560695314443777,0.993909975787631
Ue,0.2,u2_min,3.893636789114528e-07,Dmeson,0.013115523965590124,0.004409791437047954
Ue,0.2,u2_min,3.893636789114528e-07,tau,6.607313633376003e-07,2.2215563143946958e-07
Ue,0.2,u2_min,3.893636789114528e-07,induced_tau,0.00028465535436046483,9.570877591028432e-05
Ue,0.2,u2_min,3.893636789114528e-07,Bmeson,0.0036115735593806953,0.0012143080366602188
Ue,0.2,u2_min,3.893636789114528e-07,Bbaryon,0.0010951481640271655,0.00036821822816199534
Ue,0.2,u2_min,3.893636789114528e-07,Bc,4.693931657585656e-06,1.5782259011546998e-06
Ue,0.2,u2_min,3.893636789114528e-07,WZ,5.869639809510851e-07,1.973530561069895e-07
Ue,0.2,peak_u2,0.1,Kmeson,116455865323.71242,0.9934809049712625
Ue,0.2,peak_u2,0.1,Dmeson,544514479.0367177,0.004645233933899627
Ue,0.2,peak_u2,0.1,tau,32477.144669699675,2.770613827620244e-07
Ue,0.2,peak_u2,0.1,induced_tau,11843035.958514523,0.00010103252463039736
Ue,0.2,peak_u2,0.1,Bmeson,157805832.30644062,0.001346236023868378
Ue,0.2,peak_u2,0.1,Bbaryon,49729124.91832459,0.00042423742153265665
Ue,0.2,peak_u2,0.1,Bc,206920.05451582154,1.765227731945104e-06
Ue,0.2,peak_u2,0.1,WZ,36670.61038554179,3.128356917911162e-07
Ue,0.305,u2_min,6.986735927834383e-08,Kmeson,2.841729360519632,0.99661392716978
Ue,0.305,u2_min,6.986735927834383e-08,Dmeson,0.006720109112218835,0.002356788238311749
Ue,0.305,u2_min,6.986735927834383e-08,tau,2.769465468396765e-07,9.71270485840809e-08
Ue,0.305,u2_min,6.986735927834383e-08,induced_tau,0.00015719826747769938,5.513050780690386e-05
Ue,0.305,u2_min,6.986735927834383e-08,Bmeson,0.002190110131984976,0.000768086605957701
Ue,0.305,u2_min,6.986735927834383e-08,Bbaryon,0.0005844643612548687,0.0002049756498467116
Ue,0.305,u2_min,6.986735927834383e-08,Bc,2.4674256110393533e-06,8.653430415933641e-07
Ue,0.305,u2_min,6.986735927834383e-08,WZ,3.68849966987179e-07,1.2935820674644312e-07
Ue,0.305,peak_u2,0.0361234269970943,Kmeson,85683822448.92572,0.9952196413616087
Ue,0.305,peak_u2,0.0361234269970943,Dmeson,265668710.2392848,0.0030857484058083957
Ue,0.305,peak_u2,0.0361234269970943,tau,24247.394052058502,2.816340602314693e-07
Ue,0.305,peak_u2,0.0361234269970943,induced_tau,5782693.008870765,6.716611721918808e-05
Ue,0.305,peak_u2,0.0361234269970943,Bmeson,110462459.24976094,0.0012830240987906198
Ue,0.305,peak_u2,0.0361234269970943,Bbaryon,29433457.31334583,0.0003418703087024512
Ue,0.305,peak_u2,0.0361234269970943,Bc,115305.63381480925,1.3392776868766573e-06
Ue,0.305,peak_u2,0.0361234269970943,WZ,79965.06382305261,9.287961235258168e-07
Ue,0.5,u2_min,3.5164383023838325e-07,Kmeson,0.0,0.0
Ue,0.5,u2_min,3.5164383023838325e-07,Dmeson,2.3996946605198244,0.7532510333160075
Ue,0.5,u2_min,3.5164383023838325e-07,tau,5.549679081378655e-05,1.7420139201023025e-05
Ue,0.5,u2_min,3.5164383023838325e-07,induced_tau,0.027873573427047355,0.008749362296611895
Ue,0.5,u2_min,3.5164383023838325e-07,Bmeson,0.625211806431372,0.1962505676175413
Ue,0.5,u2_min,3.5164383023838325e-07,Bbaryon,0.13222430213154765,0.041504485486708216
Ue,0.5,u2_min,3.5164383023838325e-07,Bc,0.0006022005138996875,0.00018902744870887418
Ue,0.5,u2_min,3.5164383023838325e-07,WZ,0.00012139012085475898,3.810369522112243e-05
Ue,0.5,peak_u2,0.0047137531341167,Kmeson,0.0,0.0
Ue,0.5,peak_u2,0.0047137531341167,Dmeson,35575130.01228766,0.703008757272978
Ue,0.5,peak_u2,0.0047137531341167,tau,2425.4793861331514,4.793048538256188e-05
Ue,0.5,peak_u2,0.0047137531341167,induced_tau,361200.1027964081,0.007137762681571883
Ue,0.5,peak_u2,0.0047137531341167,Bmeson,11858782.630698342,0.2343442746969041
Ue,0.5,peak_u2,0.0047137531341167,Bbaryon,2779082.091761212,0.054918114059283055
Ue,0.5,peak_u2,0.0047137531341167,Bc,11205.539822928431,0.00022143538541584694
Ue,0.5,peak_u2,0.0047137531341167,WZ,16280.627334624294,0.0003217254184646816
Ue,0.8,u2_min,1.0688204546935033e-07,Kmeson,0.0,0.0
Ue,0.8,u2_min,1.0688204546935033e-07,Dmeson,2.3752814250240495,0.7950897976123218
Ue,0.8,u2_min,1.0688204546935033e-07,tau,1.957747169291576e-05,6.553264738271487e-06
Ue,0.8,u2_min,1.0688204546935033e-07,induced_tau,0.016322234996944417,0.005463623124224068
Ue,0.8,u2_min,1.0688204546935033e-07,Bmeson,0.4794450264741138,0.16048702484240485
Ue,0.8,u2_min,1.0688204546935033e-07,Bbaryon,0.11568063060471007,0.03872235441500724
Ue,0.8,u2_min,1.0688204546935033e-07,Bc,0.0005818077412399217,0.00019475140686836626
Ue,0.8,u2_min,1.0688204546935033e-07,WZ,0.00010723508386758783,3.589533443531117e-05
Ue,0.8,peak_u2,0.0004768611697714,Kmeson,0.0,0.0
Ue,0.8,peak_u2,0.0004768611697714,Dmeson,3536744.2830118174,0.7490435370552857
Ue,0.8,peak_u2,0.0004768611697714,tau,87.61093699679739,1.855503278764744e-05
Ue,0.8,peak_u2,0.0004768611697714,induced_tau,22232.069612985008,0.004708507804468256
Ue,0.8,peak_u2,0.0004768611697714,Bmeson,912364.3420209782,0.1932287321741402
Ue,0.8,peak_u2,0.0004768611697714,Bbaryon,247440.55648536904,0.052405188164436414
Ue,0.8,peak_u2,0.0004768611697714,Bc,1208.1908659086052,0.00025588153601747017
Ue,0.8,peak_u2,0.0004768611697714,WZ,1603.4743632201134,0.0003395982328643387
Ue,0.8,u2_max,0.0552359394480474,Kmeson,0.0,0.0
Ue,0.8,u2_max,0.0552359394480474,Dmeson,3.2033757852189945e-18,1.2910123661035191e-18
Ue,0.8,u2_max,0.0552359394480474,tau,0.00015451503435642564,6.227206343492366e-05
Ue,0.8,u2_max,0.0552359394480474,induced_tau,1.2956949056617172e-18,5.221860493623772e-19
Ue,0.8,u2_max,0.0552359394480474,Bmeson,6.162835247680986e-06,2.4837225004093222e-06
Ue,0.8,u2_max,0.0552359394480474,Bbaryon,0.0008160746735582816,0.00032889132148934214
Ue,0.8,u2_max,0.0552359394480474,Bc,2.560869646948289e-09,1.0320719777693444e-09
Ue,0.8,u2_max,0.0552359394480474,WZ,2.480313021296246,0.9996063518605034
Ue,1.0,u2_min,5.55409417409078e-08,Kmeson,0.0,0.0
Ue,1.0,u2_min,5.55409417409078e-08,Dmeson,2.2984339656493957,0.7950811322763327
Ue,1.0,u2_min,5.55409417409078e-08,tau,1.1352233854320361e-05,3.926998591934127e-06
Ue,1.0,u2_min,5.55409417409078e-08,induced_tau,0.00789962622572774,0.0027326622639501606
Ue,1.0,u2_min,5.55409417409078e-08,Bmeson,0.4714625447113796,0.1630897295624915
Ue,1.0,u2_min,5.55409417409078e-08,Bbaryon,0.11231681285517515,0.03885296687796322
Ue,1.0,u2_min,5.55409417409078e-08,Bc,0.0005653649681516109,0.00019557273593472652
Ue,1.0,u2_min,5.55409417409078e-08,WZ,0.00012722278360580188,4.400928473577807e-05
Ue,1.0,peak_u2,0.0001335451562929,Kmeson,0.0,0.0
Ue,1.0,peak_u2,0.0001335451562929,Dmeson,897365.1851234837,0.7733667829110987
Ue,1.0,peak_u2,0.0001335451562929,tau,11.590008149111691,9.988494611542692e-06
Ue,1.0,peak_u2,0.0001335451562929,induced_tau,2508.902921614388,0.0021622213712895236
Ue,1.0,peak_u2,0.0001335451562929,Bmeson,206250.5660111511,0.17775075226223291
Ue,1.0,peak_u2,0.0001335451562929,Bbaryon,53352.703982025705,0.04598039875205272
Ue,1.0,peak_u2,0.0001335451562929,Bc,335.71579739338557,0.0002893264085867447
Ue,1.0,peak_u2,0.0001335451562929,WZ,511.1625096645848,0.00044052980012776526
Ue,1.0,u2_max,0.0112366365307634,Kmeson,0.0,0.0
Ue,1.0,u2_max,0.0112366365307634,Dmeson,5.50560216757796e-13,2.155289648733992e-13
Ue,1.0,u2_max,0.0112366365307634,tau,0.001048581521305002,0.0004104904113906648
Ue,1.0,u2_max,0.0112366365307634,induced_tau,2.0707973309448926e-12,8.106593822370124e-13
Ue,1.0,u2_max,0.0112366365307634,Bmeson,1.0443279714751923e-07,4.088252653013686e-08
Ue,1.0,u2_max,0.0112366365307634,Bbaryon,4.966471372583028e-07,1.9442349836132305e-07
Ue,1.0,u2_max,0.0112366365307634,Bc,8.915918418637155e-07,3.490333317181748e-07
Ue,1.0,u2_max,0.0112366365307634,WZ,2.5534103765432166,0.9995889252482265
Ue,1.4,u2_min,2.1822168616568443e-08,Kmeson,0.0,0.0
Ue,1.4,u2_min,2.1822168616568443e-08,Dmeson,2.326401470208819,0.79746535800366
Ue,1.4,u2_min,2.1822168616568443e-08,tau,7.053288030408491e-07,2.417791140652846e-07
Ue,1.4,u2_min,2.1822168616568443e-08,induced_tau,0.0005841755961269339,0.00020024910010934226
Ue,1.4,u2_min,2.1822168616568443e-08,Bmeson,0.48549761599737484,0.16642335173409153
Ue,1.4,u2_min,2.1822168616568443e-08,Bbaryon,0.10377793719522221,0.03557395870749717
Ue,1.4,u2_min,2.1822168616568443e-08,Bc,0.0008356642529532904,0.0002864567019863684
Ue,1.4,u2_min,2.1822168616568443e-08,WZ,0.00014698237226897165,5.038397354141183e-05
Ue,1.4,peak_u2,1.742633386009651e-05,Kmeson,0.0,0.0
Ue,1.4,peak_u2,1.742633386009651e-05,Dmeson,126828.65302641976,0.7882519364837747
Ue,1.4,peak_u2,1.742633386009651e-05,tau,0.0763207090465016,4.7434034237663677e-07
Ue,1.4,peak_u2,1.742633386009651e-05,induced_tau,28.45810739495145,0.00017686979816824872
Ue,1.4,peak_u2,1.742633386009651e-05,Bmeson,27439.301362806716,0.17053782342455928
Ue,1.4,peak_u2,1.742633386009651e-05,Bbaryon,6472.823835257638,0.04022920531685628
Ue,1.4,peak_u2,1.742633386009651e-05,Bc,62.579168481583636,0.0003889353829917055
Ue,1.4,peak_u2,1.742633386009651e-05,WZ,66.73355012264062,0.00041475525330739556
Ue,1.4,u2_max,0.0012611275906186,Kmeson,0.0,0.0
Ue,1.4,u2_max,0.0012611275906186,Dmeson,0.044756380162525436,0.017093577923194363
Ue,1.4,u2_max,0.0012611275906186,tau,0.00015046301207500616,5.7465577245591224e-05
Ue,1.4,u2_max,0.0012611275906186,induced_tau,6.437567634963682e-07,2.4586676492712264e-07
Ue,1.4,u2_max,0.0012611275906186,Bmeson,4.272409117997727e-06,1.6317396070249885e-06
Ue,1.4,u2_max,0.0012611275906186,Bbaryon,1.8482428031811051e-09,7.058900264595645e-10
Ue,1.4,u2_max,0.0012611275906186,Bc,2.805024696091714e-06,1.071308895961053e-06
Ue,1.4,u2_max,0.0012611275906186,WZ,2.5734009417292008,0.9828460068784021
Ue,1.8,u2_min,2.0692552791670912e-08,Kmeson,0.0,0.0
Ue,1.8,u2_min,2.0692552791670912e-08,Dmeson,1.7731467055070316,0.6036001955198838
Ue,1.8,u2_min,2.0692552791670912e-08,tau,0.0,0.0
Ue,1.8,u2_min,2.0692552791670912e-08,induced_tau,0.0,0.0
Ue,1.8,u2_min,2.0692552791670912e-08,Bmeson,0.9405302656219455,0.32016767166450527
Ue,1.8,u2_min,2.0692552791670912e-08,Bbaryon,0.22027802975567037,0.07498525723580075
Ue,1.8,u2_min,2.0692552791670912e-08,Bc,0.003089832924056426,0.001051815820592763
Ue,1.8,u2_min,2.0692552791670912e-08,WZ,0.000573011029486598,0.00019505975921730567
Ue,1.8,peak_u2,4.880251583654434e-06,Kmeson,0.0,0.0
Ue,1.8,peak_u2,4.880251583654434e-06,Dmeson,6434.443498099356,0.5889556925785573
Ue,1.8,peak_u2,4.880251583654434e-06,tau,0.0,0.0
Ue,1.8,peak_u2,4.880251583654434e-06,induced_tau,0.0,0.0
Ue,1.8,peak_u2,4.880251583654434e-06,Bmeson,3548.9554858491138,0.32484200641689437
Ue,1.8,peak_u2,4.880251583654434e-06,Bbaryon,903.4922169246095,0.08269819830034243
Ue,1.8,peak_u2,4.880251583654434e-06,Bc,17.05249633915528,0.0015608443518988272
Ue,1.8,peak_u2,4.880251583654434e-06,WZ,21.23043588454984,0.0019432583523071034
Ue,1.8,u2_max,0.0002331649143645,Kmeson,0.0,0.0
Ue,1.8,u2_max,0.0002331649143645,Dmeson,0.18361573585400864,0.0740133755133291
Ue,1.8,u2_max,0.0002331649143645,tau,0.0,0.0
Ue,1.8,u2_max,0.0002331649143645,induced_tau,0.0,0.0
Ue,1.8,u2_max,0.0002331649143645,Bmeson,0.0006441689542644647,0.0002596570412892718
Ue,1.8,u2_max,0.0002331649143645,Bbaryon,1.6143908202052033e-07,6.507422332044668e-08
Ue,1.8,u2_max,0.0002331649143645,Bc,0.0003607480316989481,0.00014541335148452464
Ue,1.8,u2_max,0.0002331649143645,WZ,2.296224500240363,0.9255814890196737
Ue,2.0,u2_min,3.11931332391825e-08,Kmeson,0.0,0.0
Ue,2.0,u2_min,3.11931332391825e-08,Dmeson,0.0,0.0
Ue,2.0,u2_min,3.11931332391825e-08,tau,0.0,0.0
Ue,2.0,u2_min,3.11931332391825e-08,induced_tau,0.0,0.0
Ue,2.0,u2_min,3.11931332391825e-08,Bmeson,2.378588996489546,0.8020905511228585
Ue,2.0,u2_min,3.11931332391825e-08,Bbaryon,0.5716197863669685,0.1927574835990912
Ue,2.0,u2_min,3.11931332391825e-08,Bc,0.012934218998639313,0.004361583636464094
Ue,2.0,u2_min,3.11931332391825e-08,WZ,0.002343866379017079,0.0007903816415861446
Ue,2.0,peak_u2,2.58261876068268e-06,Kmeson,0.0,0.0
Ue,2.0,peak_u2,2.58261876068268e-06,Dmeson,0.0,0.0
Ue,2.0,peak_u2,2.58261876068268e-06,tau,0.0,0.0
Ue,2.0,peak_u2,2.58261876068268e-06,induced_tau,0.0,0.0
Ue,2.0,peak_u2,2.58261876068268e-06,Bmeson,1238.3837259403151,0.7971266807064025
Ue,2.0,peak_u2,2.58261876068268e-06,Bbaryon,294.63277199383873,0.18965013722902735
Ue,2.0,peak_u2,2.58261876068268e-06,Bc,9.70156170395954,0.006244731351644339
Ue,2.0,peak_u2,2.58261876068268e-06,WZ,10.84143838656321,0.006978450712925966
Ue,2.0,u2_max,0.0001086416010838,Kmeson,0.0,0.0
Ue,2.0,u2_max,0.0001086416010838,Dmeson,0.0,0.0
Ue,2.0,u2_max,0.0001086416010838,tau,0.0,0.0
Ue,2.0,u2_max,0.0001086416010838,induced_tau,0.0,0.0
Ue,2.0,u2_max,0.0001086416010838,Bmeson,0.20228760613192326,0.07604093421585768
Ue,2.0,u2_max,0.0001086416010838,Bbaryon,0.019829224983272557,0.007453905957644912
Ue,2.0,u2_max,0.0001086416010838,Bc,3.076099706369874e-05,1.156321437018465e-05
Ue,2.0,u2_max,0.0001086416010838,WZ,2.4380986057801635,0.9164935966121273
Ue,2.4,u2_min,3.0939329954115414e-08,Kmeson,0.0,0.0
Ue,2.4,u2_min,3.0939329954115414e-08,Dmeson,0.0,0.0
Ue,2.4,u2_min,3.0939329954115414e-08,tau,0.0,0.0
Ue,2.4,u2_min,3.0939329954115414e-08,induced_tau,0.0,0.0
Ue,2.4,u2_min,3.0939329954115414e-08,Bmeson,2.342766143611191,0.7785488510512134
Ue,2.4,u2_min,3.0939329954115414e-08,Bbaryon,0.6180702800586293,0.20539732816303147
Ue,2.4,u2_min,3.0939329954115414e-08,Bc,0.04086422320024768,0.013580012716341011
Ue,2.4,u2_min,3.0939329954115414e-08,WZ,0.007444046424306339,0.002473808069414133
Ue,2.4,peak_u2,1.059560179277617e-06,Kmeson,0.0,0.0
Ue,2.4,peak_u2,1.059560179277617e-06,Dmeson,0.0,0.0
Ue,2.4,peak_u2,1.059560179277617e-06,tau,0.0,0.0
Ue,2.4,peak_u2,1.059560179277617e-06,induced_tau,0.0,0.0
Ue,2.4,peak_u2,1.059560179277617e-06,Bmeson,185.19758298005823,0.7587479573178632
Ue,2.4,peak_u2,1.059560179277617e-06,Bbaryon,49.055577836968304,0.20097897002713594
Ue,2.4,peak_u2,1.059560179277617e-06,Bc,4.508580228859923,0.01847149397959219
Ue,2.4,peak_u2,1.059560179277617e-06,WZ,5.321397753883888,0.02180157867540867
Ue,2.4,u2_max,2.7787000140735974e-05,Kmeson,0.0,0.0
Ue,2.4,u2_max,2.7787000140735974e-05,Dmeson,0.0,0.0
Ue,2.4,u2_max,2.7787000140735974e-05,tau,0.0,0.0
Ue,2.4,u2_max,2.7787000140735974e-05,induced_tau,0.0,0.0
Ue,2.4,u2_max,2.7787000140735974e-05,Bmeson,0.055704230530040345,0.019567639762004468
Ue,2.4,u2_max,2.7787000140735974e-05,Bbaryon,0.027376095059749,0.009616604719648224
Ue,2.4,u2_max,2.7787000140735974e-05,Bc,0.0075163706846878625,0.0026403314878633228
Ue,2.4,u2_max,2.7787000140735974e-05,WZ,2.756155963093477,0.968175424030484
Ue,2.8,u2_min,4.6890278882738464e-08,Kmeson,0.0,0.0
Ue,2.8,u2_min,4.6890278882738464e-08,Dmeson,0.0,0.0
Ue,2.8,u2_min,4.6890278882738464e-08,tau,0.0,0.0
Ue,2.8,u2_min,4.6890278882738464e-08,induced_tau,0.0,0.0
Ue,2.8,u2_min,4.6890278882738464e-08,Bmeson,2.2218810598131524,0.7525336094583757
Ue,2.8,u2_min,4.6890278882738464e-08,Bbaryon,0.4668920669349275,0.1581326645754698
Ue,2.8,u2_min,4.6890278882738464e-08,Bc,0.2195766077306408,0.07436886706350548
Ue,2.8,u2_min,4.6890278882738464e-08,WZ,0.04418425455110686,0.014964858902649026
Ue,2.8,peak_u2,4.937047852839004e-07,Kmeson,0.0,0.0
Ue,2.8,peak_u2,4.937047852839004e-07,Dmeson,0.0,0.0
Ue,2.8,peak_u2,4.937047852839004e-07,tau,0.0,0.0
Ue,2.8,peak_u2,4.937047852839004e-07,induced_tau,0.0,0.0
Ue,2.8,peak_u2,4.937047852839004e-07,Bmeson,17.925203564879627,0.6841447151086592
Ue,2.8,peak_u2,4.937047852839004e-07,Bbaryon,3.1378099387303497,0.11975964896732319
Ue,2.8,peak_u2,4.937047852839004e-07,Bc,2.2646064084098656,0.08643240789467796
Ue,2.8,peak_u2,4.937047852839004e-07,WZ,2.8732746779978005,0.10966322802933982
Ue,2.8,u2_max,8.131214371818722e-06,Kmeson,0.0,0.0
Ue,2.8,u2_max,8.131214371818722e-06,Dmeson,0.0,0.0
Ue,2.8,u2_max,8.131214371818722e-06,tau,0.0,0.0
Ue,2.8,u2_max,8.131214371818722e-06,induced_tau,0.0,0.0
Ue,2.8,u2_max,8.131214371818722e-06,Bmeson,0.055580997844574556,0.018187357998692942
Ue,2.8,u2_max,8.131214371818722e-06,Bbaryon,0.0040288971323659065,0.0013183461493647642
Ue,2.8,u2_max,8.131214371818722e-06,Bc,0.02081847023898947,0.0068122737249237016
Ue,2.8,u2_max,8.131214371818722e-06,WZ,2.975595376581474,0.9736820221270186
Ue,3.2,u2_min,1.232089429591862e-07,Kmeson,0.0,0.0
Ue,3.2,u2_min,1.232089429591862e-07,Dmeson,0.0,0.0
Ue,3.2,u2_min,1.232089429591862e-07,tau,0.0,0.0
Ue,3.2,u2_min,1.232089429591862e-07,induced_tau,0.0,0.0
Ue,3.2,u2_min,1.232089429591862e-07,Bmeson,1.6055089359925112,0.5294268320572144
Ue,3.2,u2_min,1.232089429591862e-07,Bbaryon,0.015081932785033414,0.004973363720796709
Ue,3.2,u2_min,1.232089429591862e-07,Bc,0.8577419467508516,0.2828458885594203
Ue,3.2,u2_min,1.232089429591862e-07,WZ,0.5542088668678719,0.18275391566256874
Ue,3.2,peak_u2,9.329304026284696e-07,Kmeson,0.0,0.0
Ue,3.2,peak_u2,9.329304026284696e-07,Dmeson,0.0,0.0
Ue,3.2,peak_u2,9.329304026284696e-07,tau,0.0,0.0
Ue,3.2,peak_u2,9.329304026284696e-07,induced_tau,0.0,0.0
Ue,3.2,peak_u2,9.329304026284696e-07,Bmeson,0.41803232537816154,0.06665985962075473
Ue,3.2,peak_u2,9.329304026284696e-07,Bbaryon,0.0028960545338550026,0.0004618078004043989
Ue,3.2,peak_u2,9.329304026284696e-07,Bc,0.2380425231589798,0.0379585027621809
Ue,3.2,peak_u2,9.329304026284696e-07,WZ,5.612154295158584,0.89491982981666
Ue,3.2,u2_max,2.5510821500262676e-06,Kmeson,0.0,0.0
Ue,3.2,u2_max,2.5510821500262676e-06,Dmeson,0.0,0.0
Ue,3.2,u2_max,2.5510821500262676e-06,tau,0.0,0.0
Ue,3.2,u2_max,2.5510821500262676e-06,induced_tau,0.0,0.0
Ue,3.2,u2_max,2.5510821500262676e-06,Bmeson,0.014389771001459543,0.004787846979004024
Ue,3.2,u2_max,2.5510821500262676e-06,Bbaryon,0.00012842869333388833,4.273153001070851e-05
Ue,3.2,u2_max,2.5510821500262676e-06,Bc,0.008976648873724565,0.00298676199831691
Ue,3.2,u2_max,2.5510821500262676e-06,WZ,2.981983619010437,0.9921826594926684
Ue,3.6,u2_min,3.2362946319937626e-07,Kmeson,0.0,0.0
Ue,3.6,u2_min,3.2362946319937626e-07,Dmeson,0.0,0.0
Ue,3.6,u2_min,3.2362946319937626e-07,tau,0.0,0.0
Ue,3.6,u2_min,3.2362946319937626e-07,induced_tau,0.0,0.0
Ue,3.6,u2_min,3.2362946319937626e-07,Bmeson,0.3655158185725063,0.12229103220744986
Ue,3.6,u2_min,3.2362946319937626e-07,Bbaryon,0.0,0.0
Ue,3.6,u2_min,3.2362946319937626e-07,Bc,0.26606475176172467,0.08901757864825728
Ue,3.6,u2_min,3.2362946319937626e-07,WZ,2.3573206759358896,0.7886913891442928
Ue,3.6,peak_u2,4.347013158125027e-07,Kmeson,0.0,0.0
Ue,3.6,peak_u2,4.347013158125027e-07,Dmeson,0.0,0.0
Ue,3.6,peak_u2,4.347013158125027e-07,tau,0.0,0.0
Ue,3.6,peak_u2,4.347013158125027e-07,induced_tau,0.0,0.0
Ue,3.6,peak_u2,4.347013158125027e-07,Bmeson,0.22928600786552342,0.07308308344380438
Ue,3.6,peak_u2,4.347013158125027e-07,Bbaryon,0.0,0.0
Ue,3.6,peak_u2,4.347013158125027e-07,Bc,0.1644511439425948,0.05241748847681392
Ue,3.6,peak_u2,4.347013158125027e-07,WZ,2.743596374107326,0.8744994280793816
Ue,3.6,u2_max,6.131522619940638e-07,Kmeson,0.0,0.0
Ue,3.6,u2_max,6.131522619940638e-07,Dmeson,0.0,0.0
Ue,3.6,u2_max,6.131522619940638e-07,tau,0.0,0.0
Ue,3.6,u2_max,6.131522619940638e-07,induced_tau,0.0,0.0
Ue,3.6,u2_max,6.131522619940638e-07,Bmeson,0.10676163744861505,0.035513639780286516
Ue,3.6,u2_max,6.131522619940638e-07,Bbaryon,0.0,0.0
Ue,3.6,u2_max,6.131522619940638e-07,Bc,0.0755248367959956,0.025122899128714234
Ue,3.6,u2_max,6.131522619940638e-07,WZ,2.823928549310312,0.9393634610909992
Umu,0.2,u2_min,4.13097333178006e-06,Kmeson,0.0,0.0
Umu,0.2,u2_min,4.13097333178006e-06,Dmeson,0.008858502481291,0.5827055781670619
Umu,0.2,u2_min,4.13097333178006e-06,tau,8.037127284632671e-07,5.286761403617768e-05
Umu,0.2,u2_min,4.13097333178006e-06,induced_tau,0.00021857422879643172,0.01437764708337959
Umu,0.2,u2_min,4.13097333178006e-06,Bmeson,0.00478386177480742,0.3146788012136126
Umu,0.2,u2_min,4.13097333178006e-06,Bbaryon,0.0013354069836320707,0.08784205909848701
Umu,0.2,u2_min,4.13097333178006e-06,Bc,3.754192529283064e-06,0.0002469479387680368
Umu,0.2,u2_min,4.13097333178006e-06,WZ,1.4609302537318733e-06,9.60988846546578e-05
Umu,0.2,peak_u2,0.1,Kmeson,0.0,0.0
Umu,0.2,peak_u2,0.1,Dmeson,4083668.3852994866,0.5542876515914217
Umu,0.2,peak_u2,0.1,tau,436.18307413757384,5.920434007275835e-05
Umu,0.2,peak_u2,0.1,induced_tau,107835.49358165657,0.014636811037533528
Umu,0.2,peak_u2,0.1,Bmeson,2494480.548677355,0.3385827728432095
Umu,0.2,peak_u2,0.1,Bbaryon,678219.525929989,0.09205661988727108
Umu,0.2,peak_u2,0.1,Bc,1936.5387061415468,0.000262851776972671
Umu,0.2,peak_u2,0.1,WZ,840.5377519799626,0.00011408852351872308
Umu,0.305,u2_min,1.081300573929393e-07,Kmeson,3.7079920612864568,0.9960126406333013
Umu,0.305,u2_min,1.081300573929393e-07,Dmeson,0.010236992826736995,0.0027497831950495065
Umu,0.305,u2_min,1.081300573929393e-07,tau,3.9450467133034417e-07,1.0596884592508658e-07
Umu,0.305,u2_min,1.081300573929393e-07,induced_tau,0.0002093324167947422,5.622928252698186e-05
Umu,0.305,u2_min,1.081300573929393e-07,Bmeson,0.003618436437666066,0.0009719568897871788
Umu,0.305,u2_min,1.081300573929393e-07,Bbaryon,0.0007750116185379686,0.0002081777296021716
Umu,0.305,u2_min,1.081300573929393e-07,Bc,3.7380976031660626e-06,1.0040993624411143e-06
Umu,0.305,u2_min,1.081300573929393e-07,WZ,3.8047955000870717e-07,1.0220152444977587e-07
Umu,0.305,peak_u2,0.0601027678207038,Kmeson,102706819817.92929,0.9945727359745051
Umu,0.305,peak_u2,0.0601027678207038,Dmeson,352612433.6768704,0.003414561112127951
Umu,0.305,peak_u2,0.0601027678207038,tau,35119.54229170549,3.4008393332743815e-07
Umu,0.305,peak_u2,0.0601027678207038,induced_tau,7420750.910450694,7.185965400424027e-05
Umu,0.305,peak_u2,0.0601027678207038,Bmeson,159289833.72377634,0.0015425005469006283
Umu,0.305,peak_u2,0.0601027678207038,Bbaryon,40843286.36025543,0.00039551043575801774
Umu,0.305,peak_u2,0.0601027678207038,Bc,166345.62244211813,1.610826049554681e-06
Umu,0.305,peak_u2,0.0601027678207038,WZ,91016.34275239444,8.813667212178639e-07
Umu,0.5,u2_min,3.6210654030160546e-07,Kmeson,0.0,0.0
Umu,0.5,u2_min,3.6210654030160546e-07,Dmeson,2.366596684523288,0.7694889637988517
Umu,0.5,u2_min,3.6210654030160546e-07,tau,4.879430091979155e-05,1.586526183341751e-05
Umu,0.5,u2_min,3.6210654030160546e-07,induced_tau,0.02644134042499138,0.008597290690947508
Umu,0.5,u2_min,3.6210654030160546e-07,Bmeson,0.5397147211070202,0.17548597283498832
Umu,0.5,u2_min,3.6210654030160546e-07,Bbaryon,0.14199540176469028,0.04616920799503383
Umu,0.5,u2_min,3.6210654030160546e-07,Bc,0.0006336879339042728,0.00020604096795227963
Umu,0.5,u2_min,3.6210654030160546e-07,WZ,0.0001127446542332499,3.66584503929865e-05
Umu,0.5,peak_u2,0.0053535666774107,Kmeson,0.0,0.0
Umu,0.5,peak_u2,0.0053535666774107,Dmeson,37543692.877098106,0.6997480454572987
Umu,0.5,peak_u2,0.0053535666774107,tau,2711.809871643381,5.054334062304783e-05
Umu,0.5,peak_u2,0.0053535666774107,induced_tau,410785.6101092342,0.007656317366458769
Umu,0.5,peak_u2,0.0053535666774107,Bmeson,12304704.138598882,0.2293379263222978
Umu,0.5,peak_u2,0.0053535666774107,Bbaryon,3358579.5044190083,0.06259798287354296
Umu,0.5,peak_u2,0.0053535666774107,Bc,14315.429517547745,0.0002668142917527516
Umu,0.5,peak_u2,0.0053535666774107,WZ,18369.25058950029,0.0003423703480261285
Umu,0.8,u2_min,1.0867287856784789e-07,Kmeson,0.0,0.0
Umu,0.8,u2_min,1.0867287856784789e-07,Dmeson,2.376000831039389,0.7938694573510093
Umu,0.8,u2_min,1.0867287856784789e-07,tau,1.9980071756676564e-05,6.675742077231664e-06
Umu,0.8,u2_min,1.0867287856784789e-07,induced_tau,0.013946301625133299,0.004659738649314693
Umu,0.8,u2_min,1.0867287856784789e-07,Bmeson,0.48146349707116015,0.16086659573557396
Umu,0.8,u2_min,1.0867287856784789e-07,Bbaryon,0.12084111212616669,0.04037543541907207
Umu,0.8,u2_min,1.0867287856784789e-07,Bc,0.0005593914625380065,0.00018690388951487396
Umu,0.8,u2_min,1.0867287856784789e-07,WZ,0.00010533105109589558,3.519321343803176e-05
Umu,0.8,peak_u2,0.0005415871378079,Kmeson,0.0,0.0
Umu,0.8,peak_u2,0.0005415871378079,Dmeson,4083900.4430600875,0.7506971824475206
Umu,0.8,peak_u2,0.0005415871378079,tau,101.17512151398186,1.8597877130770744e-05
Umu,0.8,peak_u2,0.0005415871378079,induced_tau,24335.96010722689,0.004473404026216045
Umu,0.8,peak_u2,0.0005415871378079,Bmeson,1054603.5144167831,0.19385582433021226
Umu,0.8,peak_u2,0.0005415871378079,Bbaryon,274018.33916131617,0.050369688981255746
Umu,0.8,peak_u2,0.0005415871378079,Bc,1257.39595573928,0.00023113286289787663
Umu,0.8,peak_u2,0.0005415871378079,WZ,1926.7327875165886,0.0003541694747666696
Umu,0.8,u2_max,0.0580163414125894,Kmeson,0.0,0.0
Umu,0.8,u2_max,0.0580163414125894,Dmeson,2.431338332485051e-07,9.716212361914005e-08
Umu,0.8,u2_max,0.0580163414125894,tau,0.00020862145780917269,8.33701488699935e-05
Umu,0.8,u2_max,0.0580163414125894,induced_tau,1.0911007857414393e-22,4.360300991791417e-23
Umu,0.8,u2_max,0.0580163414125894,Bmeson,7.68869686908389e-12,3.07258807086906e-12
Umu,0.8,u2_max,0.0580163414125894,Bbaryon,6.211550595042874e-06,2.4822849157535315e-06
Umu,0.8,u2_max,0.0580163414125894,Bc,1.0617640858145421e-10,4.243064487649214e-11
Umu,0.8,u2_max,0.0580163414125894,WZ,2.5021369122775234,0.9999140503585874
Umu,1.0,u2_min,5.966610261455439e-08,Kmeson,0.0,0.0
Umu,1.0,u2_min,5.966610261455439e-08,Dmeson,2.429537908575965,0.7933233310361281
Umu,1.0,u2_min,5.966610261455439e-08,tau,1.047464371490736e-05,3.4203126503992664e-06
Umu,1.0,u2_min,5.966610261455439e-08,induced_tau,0.007446591939478475,0.002431555030049506
Umu,1.0,u2_min,5.966610261455439e-08,Bmeson,0.5184071657633793,0.16927683989810985
Umu,1.0,u2_min,5.966610261455439e-08,Bbaryon,0.10632535867944828,0.034718695857119446
Umu,1.0,u2_min,5.966610261455439e-08,Bc,0.0006135705069617965,0.00020035077316153698
Umu,1.0,u2_min,5.966610261455439e-08,WZ,0.00014028336749927767,4.5807092781163134e-05
Umu,1.0,peak_u2,0.0001335451562929,Kmeson,0.0,0.0
Umu,1.0,peak_u2,0.0001335451562929,Dmeson,797993.1944061172,0.7327034793409207
Umu,1.0,peak_u2,0.0001335451562929,tau,10.649070767716877,9.777791662823275e-06
Umu,1.0,peak_u2,0.0001335451562929,induced_tau,2343.190297436799,0.0021514765987040206
Umu,1.0,peak_u2,0.0001335451562929,Bmeson,240412.70134334185,0.2207427632050315
Umu,1.0,peak_u2,0.0001335451562929,Bbaryon,47533.17758788849,0.04364413737725579
Umu,1.0,peak_u2,0.0001335451562929,Bc,322.15854758054274,0.00029580037820667375
Umu,1.0,peak_u2,0.0001335451562929,WZ,492.8924812906493,0.0004525653082184606
Umu,1.0,u2_max,0.011811024646759,Kmeson,0.0,0.0
Umu,1.0,u2_max,0.011811024646759,Dmeson,1.262926996024673e-12,4.935019127731676e-13
Umu,1.0,u2_max,0.011811024646759,tau,0.00043909187877402904,0.0001715797371821433
Umu,1.0,u2_max,0.011811024646759,induced_tau,1.5688192439044114e-11,6.130325031448264e-12
Umu,1.0,u2_max,0.011811024646759,Bmeson,1.4390910032481119e-05,5.62339838322472e-06
Umu,1.0,u2_max,0.011811024646759,Bbaryon,1.5781295181254896e-07,6.166705900263384e-08
Umu,1.0,u2_max,0.011811024646759,Bc,2.5141096192042866e-06,9.824145892075747e-07
Umu,1.0,u2_max,0.011811024646759,WZ,2.558656511984197,0.9998217527761626
Umu,1.4,u2_min,2.0200938335763377e-08,Kmeson,0.0,0.0
Umu,1.4,u2_min,2.0200938335763377e-08,Dmeson,2.6367570701897463,0.8625856421728009
Umu,1.4,u2_min,2.0200938335763377e-08,tau,3.4457295339035353e-07,1.1272319533562789e-07
Umu,1.4,u2_min,2.0200938335763377e-08,induced_tau,0.0003089533038966269,0.0001010706246153737
Umu,1.4,u2_min,2.0200938335763377e-08,Bmeson,0.33868854684098687,0.11079817741889353
Umu,1.4,u2_min,2.0200938335763377e-08,Bbaryon,0.08020222906213784,0.026237263963902375
Umu,1.4,u2_min,2.0200938335763377e-08,Bc,0.0007242012478776289,0.0002369143541987031
Umu,1.4,u2_min,2.0200938335763377e-08,WZ,0.00012477498156805554,4.0818742393752404e-05
Umu,1.4,peak_u2,1.742633386009651e-05,Kmeson,0.0,0.0
Umu,1.4,peak_u2,1.742633386009651e-05,Dmeson,150339.67170619822,0.8380986418598155
Umu,1.4,peak_u2,1.742633386009651e-05,tau,0.05050611962572376,2.815564899373351e-07
Umu,1.4,peak_u2,1.742633386009651e-05,induced_tau,19.789717506471458,0.00011032174792409998
Umu,1.4,peak_u2,1.742633386009651e-05,Bmeson,23390.90940137077,0.13039731415315178
Umu,1.4,peak_u2,1.742633386009651e-05,Bbaryon,5496.443171860361,0.030641024455595547
Umu,1.4,peak_u2,1.742633386009651e-05,Bc,67.78226686069104,0.00037786583643166657
Umu,1.4,peak_u2,1.742633386009651e-05,WZ,67.18753610434938,0.00037455039059155397
Umu,1.4,u2_max,0.0012885431293911,Kmeson,0.0,0.0
Umu,1.4,u2_max,0.0012885431293911,Dmeson,2.3477366623697414e-08,8.60138298784047e-09
Umu,1.4,u2_max,0.0012885431293911,tau,0.0001844581838317155,6.757978907125816e-05
Umu,1.4,u2_max,0.0012885431293911,induced_tau,8.930182897206816e-09,3.2717435682418815e-09
Umu,1.4,u2_max,0.0012885431293911,Bmeson,2.1618871970258386e-08,7.920487870798361e-09
Umu,1.4,u2_max,0.0012885431293911,Bbaryon,3.648123547140743e-08,1.3365599438330363e-08
Umu,1.4,u2_max,0.0012885431293911,Bc,2.846777140008241e-05,1.042971337233551e-05
Umu,1.4,u2_max,0.0012885431293911,WZ,2.729274399326723,0.9999219573383425
Umu,1.8,u2_min,2.2137477456183393e-08,Kmeson,0.0,0.0
Umu,1.8,u2_min,2.2137477456183393e-08,Dmeson,1.689369972740421,0.5635128613856729
Umu,1.8,u2_min,2.2137477456183393e-08,tau,0.0,0.0
Umu,1.8,u2_min,2.2137477456183393e-08,induced_tau,0.0,0.0
Umu,1.8,u2_min,2.2137477456183393e-08,Bmeson,1.0347320093106471,0.34514925963087606
Umu,1.8,u2_min,2.2137477456183393e-08,Bbaryon,0.26940175838976066,0.08986270513988366
Umu,1.8,u2_min,2.2137477456183393e-08,Bc,0.0037740704233335722,0.0012588937045411317
Umu,1.8,u2_min,2.2137477456183393e-08,WZ,0.0006483918959232629,0.0002162801390262079
Umu,1.8,peak_u2,4.880251583654434e-06,Kmeson,0.0,0.0
Umu,1.8,peak_u2,4.880251583654434e-06,Dmeson,5173.140250190662,0.5387055049803062
Umu,1.8,peak_u2,4.880251583654434e-06,tau,0.0,0.0
Umu,1.8,peak_u2,4.880251583654434e-06,induced_tau,0.0,0.0
Umu,1.8,peak_u2,4.880251583654434e-06,Bmeson,3442.9396787536466,0.358530886184916
Umu,1.8,peak_u2,4.880251583654434e-06,Bbaryon,947.9515839433625,0.09871503806730718
Umu,1.8,peak_u2,4.880251583654434e-06,Bc,18.02422796908072,0.001876954878539379
Umu,1.8,peak_u2,4.880251583654434e-06,WZ,20.853831006227153,0.0021716158889312
Umu,1.8,u2_max,0.0002296518598375,Kmeson,0.0,0.0
Umu,1.8,u2_max,0.0002296518598375,Dmeson,7.954074983358269e-05,2.8155998276344778e-05
Umu,1.8,u2_max,0.0002296518598375,tau,0.0,0.0
Umu,1.8,u2_max,0.0002296518598375,induced_tau,0.0,0.0
Umu,1.8,u2_max,0.0002296518598375,Bmeson,0.009140651349370732,0.003235626570984246
Umu,1.8,u2_max,0.0002296518598375,Bbaryon,0.0010069307222061355,0.0003564354087452227
Umu,1.8,u2_max,0.0002296518598375,Bc,2.505985292099873e-05,8.870738296097765e-06
Umu,1.8,u2_max,0.0002296518598375,WZ,2.814749760176643,0.996370911283698
Umu,2.0,u2_min,2.87633700549018e-08,Kmeson,0.0,0.0
Umu,2.0,u2_min,2.87633700549018e-08,Dmeson,0.0,0.0
Umu,2.0,u2_min,2.87633700549018e-08,tau,0.0,0.0
Umu,2.0,u2_min,2.87633700549018e-08,induced_tau,0.0,0.0
Umu,2.0,u2_min,2.87633700549018e-08,Bmeson,2.3420073943067368,0.7972664737547216
Umu,2.0,u2_min,2.87633700549018e-08,Bbaryon,0.5809793597884526,0.19777707219405552
Umu,2.0,u2_min,2.87633700549018e-08,Bc,0.012421559043342233,0.004228548808639878
Umu,2.0,u2_min,2.87633700549018e-08,WZ,0.002138255547678511,0.0007279052425830395
Umu,2.0,peak_u2,2.9331662783900485e-06,Kmeson,0.0,0.0
Umu,2.0,peak_u2,2.9331662783900485e-06,Dmeson,0.0,0.0
Umu,2.0,peak_u2,2.9331662783900485e-06,tau,0.0,0.0
Umu,2.0,peak_u2,2.9331662783900485e-06,induced_tau,0.0,0.0
Umu,2.0,peak_u2,2.9331662783900485e-06,Bmeson,1599.0471438291468,0.8070630868137378
Umu,2.0,peak_u2,2.9331662783900485e-06,Bbaryon,356.76872133646276,0.18006652688856611
Umu,2.0,peak_u2,2.9331662783900485e-06,Bc,11.18021869483336,0.005642824131812443
Umu,2.0,peak_u2,2.9331662783900485e-06,WZ,14.320085786392825,0.0072275621658835715
Umu,2.0,u2_max,0.0001090972129628,Kmeson,0.0,0.0
Umu,2.0,u2_max,0.0001090972129628,Dmeson,0.0,0.0
Umu,2.0,u2_max,0.0001090972129628,tau,0.0,0.0
Umu,2.0,u2_max,0.0001090972129628,induced_tau,0.0,0.0
Umu,2.0,u2_max,0.0001090972129628,Bmeson,0.0021365588931224326,0.0007733131969157299
Umu,2.0,u2_max,0.0001090972129628,Bbaryon,4.468697889938615e-05,1.6174153038527934e-05
Umu,2.0,u2_max,0.0001090972129628,Bc,0.0003500411332226424,0.0001266950462520646
Umu,2.0,u2_max,0.0001090972129628,WZ,2.7603323258800008,0.9990838176037937
Umu,2.4,u2_min,3.081240854233033e-08,Kmeson,0.0,0.0
Umu,2.4,u2_min,3.081240854233033e-08,Dmeson,0.0,0.0
Umu,2.4,u2_min,3.081240854233033e-08,tau,0.0,0.0
Umu,2.4,u2_min,3.081240854233033e-08,induced_tau,0.0,0.0
Umu,2.4,u2_min,3.081240854233033e-08,Bmeson,2.4569051127910866,0.8126689342423197
Umu,2.4,u2_min,3.081240854233033e-08,Bbaryon,0.5189625262317907,0.1716569031945161
Umu,2.4,u2_min,3.081240854233033e-08,Bc,0.04026416247490831,0.013318151293792223
Umu,2.4,u2_min,3.081240854233033e-08,WZ,0.007122821963054617,0.002356011269371958
Umu,2.4,peak_u2,9.329304026284696e-07,Kmeson,0.0,0.0
Umu,2.4,peak_u2,9.329304026284696e-07,Dmeson,0.0,0.0
Umu,2.4,peak_u2,9.329304026284696e-07,tau,0.0,0.0
Umu,2.4,peak_u2,9.329304026284696e-07,induced_tau,0.0,0.0
Umu,2.4,peak_u2,9.329304026284696e-07,Bmeson,190.77018599012027,0.7971170395718614
Umu,2.4,peak_u2,9.329304026284696e-07,Bbaryon,39.94852749089643,0.1669215333807329
Umu,2.4,peak_u2,9.329304026284696e-07,Bc,4.325191879562081,0.018072447372858
Umu,2.4,peak_u2,9.329304026284696e-07,WZ,4.281283438025528,0.01788897967454772
Umu,2.4,u2_max,2.797127303047616e-05,Kmeson,0.0,0.0
Umu,2.4,u2_max,2.797127303047616e-05,Dmeson,0.0,0.0
Umu,2.4,u2_max,2.797127303047616e-05,tau,0.0,0.0
Umu,2.4,u2_max,2.797127303047616e-05,induced_tau,0.0,0.0
Umu,2.4,u2_max,2.797127303047616e-05,Bmeson,0.04667109594231906,0.016077670494207316
Umu,2.4,u2_max,2.797127303047616e-05,Bbaryon,8.132981726022356e-05,2.801721229945036e-05
Umu,2.4,u2_max,2.797127303047616e-05,Bc,0.0023262460007717144,0.0008013657261251953
Umu,2.4,u2_max,2.797127303047616e-05,WZ,2.853773203399944,0.983092946567368
Umu,2.8,u2_min,4.9135576077434754e-08,Kmeson,0.0,0.0
Umu,2.8,u2_min,4.9135576077434754e-08,Dmeson,0.0,0.0
Umu,2.8,u2_min,4.9135576077434754e-08,tau,0.0,0.0
Umu,2.8,u2_min,4.9135576077434754e-08,induced_tau,0.0,0.0
Umu,2.8,u2_min,4.9135576077434754e-08,Bmeson,2.216395402809424,0.7534371505819274
Umu,2.8,u2_min,4.9135576077434754e-08,Bbaryon,0.44061427696073974,0.14978156195334824
Umu,2.8,u2_min,4.9135576077434754e-08,Bc,0.2385343785995162,0.08108691359855857
Umu,2.8,u2_min,4.9135576077434754e-08,WZ,0.04616833409405896,0.015694373866165796
Umu,2.8,peak_u2,4.937047852839004e-07,Kmeson,0.0,0.0
Umu,2.8,peak_u2,4.937047852839004e-07,Dmeson,0.0,0.0
Umu,2.8,peak_u2,4.937047852839004e-07,tau,0.0,0.0
Umu,2.8,peak_u2,4.937047852839004e-07,induced_tau,0.0,0.0
Umu,2.8,peak_u2,4.937047852839004e-07,Bmeson,16.73639093294286,0.6662730833495188
Umu,2.8,peak_u2,4.937047852839004e-07,Bbaryon,3.2363436511397476,0.12883833031046235
Umu,2.8,peak_u2,4.937047852839004e-07,Bc,2.3731516467967952,0.09447479276162336
Umu,2.8,peak_u2,4.937047852839004e-07,WZ,2.7735300433079044,0.11041379357839544
Umu,2.8,u2_max,8.247664068304078e-06,Kmeson,0.0,0.0
Umu,2.8,u2_max,8.247664068304078e-06,Dmeson,0.0,0.0
Umu,2.8,u2_max,8.247664068304078e-06,tau,0.0,0.0
Umu,2.8,u2_max,8.247664068304078e-06,induced_tau,0.0,0.0
Umu,2.8,u2_max,8.247664068304078e-06,Bmeson,0.033497585905773994,0.011347458220040574
Umu,2.8,u2_max,8.247664068304078e-06,Bbaryon,0.0011829490599168625,0.00040072932633420196
Umu,2.8,u2_max,8.247664068304078e-06,Bc,0.022244303335332602,0.0075353580237579685
Umu,2.8,u2_max,8.247664068304078e-06,WZ,2.895065400941666,0.9807164544298673
Umu,3.2,u2_min,1.28265205104096e-07,Kmeson,0.0,0.0
Umu,3.2,u2_min,1.28265205104096e-07,Dmeson,0.0,0.0
Umu,3.2,u2_min,1.28265205104096e-07,tau,0.0,0.0
Umu,3.2,u2_min,1.28265205104096e-07,induced_tau,0.0,0.0
Umu,3.2,u2_min,1.28265205104096e-07,Bmeson,1.4412316536313985,0.48073532899550947
Umu,3.2,u2_min,1.28265205104096e-07,Bbaryon,0.0017655330977766927,0.0005889088908598257
Umu,3.2,u2_min,1.28265205104096e-07,Bc,0.9929567023658579,0.33120932765207717
Umu,3.2,u2_min,1.28265205104096e-07,WZ,0.5620193546081798,0.18746643446155367
Umu,3.2,peak_u2,9.329304026284696e-07,Kmeson,0.0,0.0
Umu,3.2,peak_u2,9.329304026284696e-07,Dmeson,0.0,0.0
Umu,3.2,peak_u2,9.329304026284696e-07,tau,0.0,0.0
Umu,3.2,peak_u2,9.329304026284696e-07,induced_tau,0.0,0.0
Umu,3.2,peak_u2,9.329304026284696e-07,Bmeson,0.36845560205027983,0.06081008534607725
Umu,3.2,peak_u2,9.329304026284696e-07,Bbaryon,0.00035346614738012734,5.833621871815516e-05
Umu,3.2,peak_u2,9.329304026284696e-07,Bc,0.2750107890576697,0.04538790958973354
Umu,3.2,peak_u2,9.329304026284696e-07,WZ,5.4153001053850165,0.8937436688454711
Umu,3.2,u2_max,2.5134056820629706e-06,Kmeson,0.0,0.0
Umu,3.2,u2_max,2.5134056820629706e-06,Dmeson,0.0,0.0
Umu,3.2,u2_max,2.5134056820629706e-06,tau,0.0,0.0
Umu,3.2,u2_max,2.5134056820629706e-06,induced_tau,0.0,0.0
Umu,3.2,u2_max,2.5134056820629706e-06,Bmeson,0.009138010663821023,0.0030818706769600883
Umu,3.2,u2_max,2.5134056820629706e-06,Bbaryon,9.813230474529924e-06,3.3095942167634624e-06
Umu,3.2,u2_max,2.5134056820629706e-06,Bc,0.016945254893610245,0.005714929221629402
Umu,3.2,u2_max,2.5134056820629706e-06,WZ,2.9389926180702832,0.9911998905071937
Umu,3.6,u2_min,3.275759787936587e-07,Kmeson,0.0,0.0
Umu,3.6,u2_min,3.275759787936587e-07,Dmeson,0.0,0.0
Umu,3.6,u2_min,3.275759787936587e-07,tau,0.0,0.0
Umu,3.6,u2_min,3.275759787936587e-07,induced_tau,0.0,0.0
Umu,3.6,u2_min,3.275759787936587e-07,Bmeson,0.360723991766507,0.12181711793291324
Umu,3.6,u2_min,3.275759787936587e-07,Bbaryon,0.0,0.0
Umu,3.6,u2_min,3.275759787936587e-07,Bc,0.2721322976685904,0.09189954911540019
Umu,3.6,u2_min,3.275759787936587e-07,WZ,2.3283366683983315,0.7862833329516865
Umu,3.6,peak_u2,4.937047852839004e-07,Kmeson,0.0,0.0
Umu,3.6,peak_u2,4.937047852839004e-07,Dmeson,0.0,0.0
Umu,3.6,peak_u2,4.937047852839004e-07,tau,0.0,0.0
Umu,3.6,peak_u2,4.937047852839004e-07,induced_tau,0.0,0.0
Umu,3.6,peak_u2,4.937047852839004e-07,Bmeson,0.18192952835537923,0.05860502624843661
Umu,3.6,peak_u2,4.937047852839004e-07,Bbaryon,0.0,0.0
Umu,3.6,peak_u2,4.937047852839004e-07,Bc,0.143998272549041,0.04638621678819162
Umu,3.6,peak_u2,4.937047852839004e-07,WZ,2.7784053937289075,0.8950087569633718
Umu,3.6,u2_max,6.387271829713182e-07,Kmeson,0.0,0.0
Umu,3.6,u2_max,6.387271829713182e-07,Dmeson,0.0,0.0
Umu,3.6,u2_max,6.387271829713182e-07,tau,0.0,0.0
Umu,3.6,u2_max,6.387271829713182e-07,induced_tau,0.0,0.0
Umu,3.6,u2_max,6.387271829713182e-07,Bmeson,0.09800434906643894,0.03342385074634706
Umu,3.6,u2_max,6.387271829713182e-07,Bbaryon,0.0,0.0
Umu,3.6,u2_max,6.387271829713182e-07,Bc,0.08630601549769523,0.02943419764516067
Umu,3.6,u2_max,6.387271829713182e-07,WZ,2.7478577392905654,0.9371419516084922
Utau,0.2,u2_min,0.0002360684019612,Kmeson,0.0,0.0
Utau,0.2,u2_min,0.0002360684019612,Dmeson,0.0,0.0
Utau,0.2,u2_min,0.0002360684019612,tau,0.006895731729949166,0.0019115639524394244
Utau,0.2,u2_min,0.0002360684019612,induced_tau,2.0449334956189995,0.5668754685429214
Utau,0.2,u2_min,0.0002360684019612,Bmeson,1.2880290141452118,0.35705417924577915
Utau,0.2,u2_min,0.0002360684019612,Bbaryon,0.25422041547190183,0.07047237352341774
Utau,0.2,u2_min,0.0002360684019612,Bc,0.010245309668007362,0.002840099558670966
Utau,0.2,u2_min,0.0002360684019612,WZ,0.003052977856457397,0.0008463151767713511
Utau,0.2,peak_u2,0.1,Kmeson,0.0,0.0
Utau,0.2,peak_u2,0.1,Dmeson,0.0,0.0
Utau,0.2,peak_u2,0.1,tau,1135.3389543557835,0.001995790617819723
Utau,0.2,peak_u2,0.1,induced_tau,319544.46187803935,0.5617210935515844
Utau,0.2,peak_u2,0.1,Bmeson,205319.19859021835,0.36092668945472517
Utau,0.2,peak_u2,0.1,Bbaryon,40686.704348171246,0.07152237884250258
Utau,0.2,peak_u2,0.1,Bc,1642.5374637747072,0.002887385169902027
Utau,0.2,peak_u2,0.1,WZ,538.5247571910824,0.0009466623634661264
Utau,0.305,u2_min,5.941317726922952e-05,Kmeson,0.0,0.0
Utau,0.305,u2_min,5.941317726922952e-05,Dmeson,0.0,0.0
Utau,0.305,u2_min,5.941317726922952e-05,tau,0.006071709471364396,0.001688147223588336
Utau,0.305,u2_min,5.941317726922952e-05,induced_tau,2.3185657091356453,0.6446422186443835
Utau,0.305,u2_min,5.941317726922952e-05,Bmeson,0.9471087257388157,0.2633292935593941
Utau,0.305,u2_min,5.941317726922952e-05,Bbaryon,0.3144038627698557,0.08741525109585178
Utau,0.305,u2_min,5.941317726922952e-05,Bc,0.007900067868090728,0.0021964946940519372
Utau,0.305,u2_min,5.941317726922952e-05,WZ,0.0026205154273729273,0.0007285947827302609
Utau,0.305,peak_u2,0.1,Kmeson,0.0,0.0
Utau,0.305,peak_u2,0.1,Dmeson,0.0,0.0
Utau,0.305,peak_u2,0.1,tau,8278.629432946282,0.003842873473018939
Utau,0.305,peak_u2,0.1,induced_tau,1289740.9521635624,0.5986874194913252
Utau,0.305,peak_u2,0.1,Bmeson,633263.3904316869,0.2939557935567468
Utau,0.305,peak_u2,0.1,Bbaryon,209895.4880046565,0.09743180432130996
Utau,0.305,peak_u2,0.1,Bc,7014.426176313656,0.0032560404472425095
Utau,0.305,peak_u2,0.1,WZ,6088.146219060448,0.0028260687103567514
Utau,0.5,u2_min,1.4667395961728477e-05,Kmeson,0.0,0.0
Utau,0.5,u2_min,1.4667395961728477e-05,Dmeson,0.0,0.0
Utau,0.5,u2_min,1.4667395961728477e-05,tau,0.005884104172165519,0.0015757826832308096
Utau,0.5,u2_min,1.4667395961728477e-05,induced_tau,1.9039492342121607,0.5098839424384155
Utau,0.5,u2_min,1.4667395961728477e-05,Bmeson,1.3838268841243426,0.37059344579718073
Utau,0.5,u2_min,1.4667395961728477e-05,Bbaryon,0.4258943267360086,0.1140559183386885
Utau,0.5,u2_min,1.4667395961728477e-05,Bc,0.010708569474439445,0.0028677905499734676
Utau,0.5,u2_min,1.4667395961728477e-05,WZ,0.003820416265165431,0.001023120192511042
Utau,0.5,peak_u2,0.0168318035333096,Kmeson,0.0,0.0
Utau,0.5,peak_u2,0.0168318035333096,Dmeson,0.0,0.0
Utau,0.5,peak_u2,0.0168318035333096,tau,1741.423121046277,0.005117803307467106
Utau,0.5,peak_u2,0.0168318035333096,induced_tau,204001.3920205189,0.5995320644320081
Utau,0.5,peak_u2,0.0168318035333096,Bmeson,99186.00133055908,0.2914940312489871
Utau,0.5,peak_u2,0.0168318035333096,Bbaryon,30102.550526302257,0.0884672603601037
Utau,0.5,peak_u2,0.0168318035333096,Bc,1779.546817624798,0.005229843614090118
Utau,0.5,peak_u2,0.0168318035333096,WZ,3456.7784779182525,0.010158997037343812
Utau,0.8,u2_min,2.291205384726951e-06,Kmeson,0.0,0.0
Utau,0.8,u2_min,2.291205384726951e-06,Dmeson,0.0,0.0
Utau,0.8,u2_min,2.291205384726951e-06,tau,0.003301121185344292,0.0011704204304130426
Utau,0.8,u2_min,2.291205384726951e-06,induced_tau,1.4054853654327961,0.4983182058423943
Utau,0.8,u2_min,2.291205384726951e-06,Bmeson,1.1082814565436452,0.3929438474253769
Utau,0.8,u2_min,2.291205384726951e-06,Bbaryon,0.2842045995527321,0.10076542212708327
Utau,0.8,u2_min,2.291205384726951e-06,Bc,0.014830720424931972,0.005258267482014296
Utau,0.8,u2_min,2.291205384726951e-06,WZ,0.0043543259162397005,0.001543836692718206
Utau,0.8,peak_u2,0.0011623224686798,Kmeson,0.0,0.0
Utau,0.8,peak_u2,0.0011623224686798,Dmeson,0.0,0.0
Utau,0.8,peak_u2,0.0011623224686798,tau,246.45910066056635,0.003681485238530278
Utau,0.8,peak_u2,0.0011623224686798,induced_tau,30680.276520089938,0.4582869320711196
Utau,0.8,peak_u2,0.0011623224686798,Bmeson,27301.89169054834,0.4078222754741557
Utau,0.8,peak_u2,0.0011623224686798,Bbaryon,7245.97216285993,0.10823678040239768
Utau,0.8,peak_u2,0.0011623224686798,Bc,665.6544590549798,0.009943220024761144
Utau,0.8,peak_u2,0.0011623224686798,WZ,805.3087112144312,0.01202930678903565
Utau,1.0,u2_min,1.1826003964652234e-06,Kmeson,0.0,0.0
Utau,1.0,u2_min,1.1826003964652234e-06,Dmeson,0.0,0.0
Utau,1.0,u2_min,1.1826003964652234e-06,tau,0.0017891768422573149,0.0005651218682288001
Utau,1.0,u2_min,1.1826003964652234e-06,induced_tau,1.208491547528936,0.38170905466037025
Utau,1.0,u2_min,1.1826003964652234e-06,Bmeson,1.5195151798982225,0.47994767033912183
Utau,1.0,u2_min,1.1826003964652234e-06,Bbaryon,0.3968346951223071,0.12534253685207938
Utau,1.0,u2_min,1.1826003964652234e-06,Bc,0.03319602387483092,0.010485156406475729
Utau,1.0,u2_min,1.1826003964652234e-06,WZ,0.006175159437302806,0.0019504598737240895
Utau,1.0,peak_u2,0.0003696912707195,Kmeson,0.0,0.0
Utau,1.0,peak_u2,0.0003696912707195,Dmeson,0.0,0.0
Utau,1.0,peak_u2,0.0003696912707195,tau,39.780900435913956,0.002056265151711077
Utau,1.0,peak_u2,0.0003696912707195,induced_tau,7437.803692335248,0.38445827948151545
Utau,1.0,peak_u2,0.0003696912707195,Bmeson,8643.893661831153,0.4468007791968748
Utau,1.0,peak_u2,0.0003696912707195,Bbaryon,2383.420843610157,0.12319844872472618
Utau,1.0,peak_u2,0.0003696912707195,Bc,418.30570923634497,0.021622121250125012
Utau,1.0,peak_u2,0.0003696912707195,WZ,422.987196442865,0.02186410619504742
Utau,1.0,u2_max,0.028540976863033,Kmeson,0.0,0.0
Utau,1.0,u2_max,0.028540976863033,Dmeson,0.0,0.0
Utau,1.0,u2_max,0.028540976863033,tau,0.00822846597317218,0.002643778714605042
Utau,1.0,u2_max,0.028540976863033,induced_tau,1.4983610042729156e-12,4.814184008059794e-13
Utau,1.0,u2_max,0.028540976863033,Bmeson,3.038948074120957e-08,9.764038958592961e-09
Utau,1.0,u2_max,0.028540976863033,Bbaryon,3.307708113033868e-14,1.0627556013328322e-14
Utau,1.0,u2_max,0.028540976863033,Bc,9.307509307632975e-05,2.990471744519113e-05
Utau,1.0,u2_max,0.028540976863033,WZ,3.1040667414206737,0.9973263068034188
Utau,1.4,u2_min,8.29710298713469e-07,Kmeson,0.0,0.0
Utau,1.4,u2_min,8.29710298713469e-07,Dmeson,0.0,0.0
Utau,1.4,u2_min,8.29710298713469e-07,tau,0.0011377985605223895,0.0003788696238649734
Utau,1.4,u2_min,8.29710298713469e-07,induced_tau,0.8863610177691833,0.29514474447621464
Utau,1.4,u2_min,8.29710298713469e-07,Bmeson,1.5667979168601023,0.5217198878865428
Utau,1.4,u2_min,8.29710298713469e-07,Bbaryon,0.2685741052908653,0.08943109420414808
Utau,1.4,u2_min,8.29710298713469e-07,Bc,0.23704878373393082,0.07893364137294187
Utau,1.4,u2_min,8.29710298713469e-07,WZ,0.0432204788981031,0.014391762436287698
Utau,1.4,peak_u2,0.0004198707084443,Kmeson,0.0,0.0
Utau,1.4,peak_u2,0.0004198707084443,Dmeson,0.0,0.0
Utau,1.4,peak_u2,0.0004198707084443,tau,4.759503244570092,0.003733504817453484
Utau,1.4,peak_u2,0.0004198707084443,induced_tau,10.850426375687508,0.008511417486955152
Utau,1.4,peak_u2,0.0004198707084443,Bmeson,55.235793249235776,0.04332870251263244
Utau,1.4,peak_u2,0.0004198707084443,Bbaryon,0.653789708518064,0.0005128533170217811
Utau,1.4,peak_u2,0.0004198707084443,Bc,26.15047450588375,0.020513258953609625
Utau,1.4,peak_u2,0.0004198707084443,WZ,1177.1583973382285,0.9234002629123275
Utau,1.4,u2_max,0.0033269455571179,Kmeson,0.0,0.0
Utau,1.4,u2_max,0.0033269455571179,Dmeson,0.0,0.0
Utau,1.4,u2_max,0.0033269455571179,tau,0.003959492427670545,0.0013761811993843443
Utau,1.4,u2_max,0.0033269455571179,induced_tau,3.753941996091887e-11,1.3047390525356615e-11
Utau,1.4,u2_max,0.0033269455571179,Bmeson,0.00013936449854585526,4.8438229460958324e-05
Utau,1.4,u2_max,0.0033269455571179,Bbaryon,2.4903628618836965e-17,8.655631025377724e-18
Utau,1.4,u2_max,0.0033269455571179,Bc,0.01762659616259451,0.006126388846858823
Utau,1.4,u2_max,0.0033269455571179,WZ,2.85543376794271,0.9924489917112486
Utau,1.8,u2_min,7.434012647596447e-07,Kmeson,0.0,0.0
Utau,1.8,u2_min,7.434012647596447e-07,Dmeson,0.0,0.0
Utau,1.8,u2_min,7.434012647596447e-07,tau,0.0,0.0
Utau,1.8,u2_min,7.434012647596447e-07,induced_tau,0.0,0.0
Utau,1.8,u2_min,7.434012647596447e-07,Bmeson,1.9604367254864128,0.6762344018876816
Utau,1.8,u2_min,7.434012647596447e-07,Bbaryon,0.0,0.0
Utau,1.8,u2_min,7.434012647596447e-07,Bc,0.7964774473630134,0.2747374823336463
Utau,1.8,u2_min,7.434012647596447e-07,WZ,0.14213491429244512,0.04902811577867202
Utau,1.8,peak_u2,0.0001035321843295,Kmeson,0.0,0.0
Utau,1.8,peak_u2,0.0001035321843295,Dmeson,0.0,0.0
Utau,1.8,peak_u2,0.0001035321843295,tau,0.0,0.0
Utau,1.8,peak_u2,0.0001035321843295,induced_tau,0.0,0.0
Utau,1.8,peak_u2,0.0001035321843295,Bmeson,17.759299019466383,0.05824206604840941
Utau,1.8,peak_u2,0.0001035321843295,Bbaryon,0.0,0.0
Utau,1.8,peak_u2,0.0001035321843295,Bc,4.302251779434671,0.014109342492632347
Utau,1.8,peak_u2,0.0001035321843295,WZ,282.8606510458151,0.9276485914589582
Utau,1.8,u2_max,0.0006501646232632,Kmeson,0.0,0.0
Utau,1.8,u2_max,0.0006501646232632,Dmeson,0.0,0.0
Utau,1.8,u2_max,0.0006501646232632,tau,0.0,0.0
Utau,1.8,u2_max,0.0006501646232632,induced_tau,0.0,0.0
Utau,1.8,u2_max,0.0006501646232632,Bmeson,0.0006507518400874386,0.0002454108507307099
Utau,1.8,u2_max,0.0006501646232632,Bbaryon,0.0,0.0
Utau,1.8,u2_max,0.0006501646232632,Bc,8.85853816363375e-05,3.3407226119801845e-05
Utau,1.8,u2_max,0.0006501646232632,WZ,2.650943903962712,0.9997211819231495
Utau,2.0,u2_min,5.999337395494509e-07,Kmeson,0.0,0.0
Utau,2.0,u2_min,5.999337395494509e-07,Dmeson,0.0,0.0
Utau,2.0,u2_min,5.999337395494509e-07,tau,0.0,0.0
Utau,2.0,u2_min,5.999337395494509e-07,induced_tau,0.0,0.0
Utau,2.0,u2_min,5.999337395494509e-07,Bmeson,1.9910985927944786,0.6683387495923762
Utau,2.0,u2_min,5.999337395494509e-07,Bbaryon,0.0,0.0
Utau,2.0,u2_min,5.999337395494509e-07,Bc,0.8216672843991085,0.27580356262797434
Utau,2.0,u2_min,5.999337395494509e-07,WZ,0.16640986865215565,0.055857687779649404
Utau,2.0,peak_u2,5.478901179593945e-05,Kmeson,0.0,0.0
Utau,2.0,peak_u2,5.478901179593945e-05,Dmeson,0.0,0.0
Utau,2.0,peak_u2,5.478901179593945e-05,tau,0.0,0.0
Utau,2.0,peak_u2,5.478901179593945e-05,induced_tau,0.0,0.0
Utau,2.0,peak_u2,5.478901179593945e-05,Bmeson,4.109299555813645,0.027564044447042586
Utau,2.0,peak_u2,5.478901179593945e-05,Bbaryon,0.0,0.0
Utau,2.0,peak_u2,5.478901179593945e-05,Bc,1.7253631914819,0.011573258909785618
Utau,2.0,peak_u2,5.478901179593945e-05,WZ,143.24721686252136,0.9608626966431718
Utau,2.0,u2_max,0.0003105530967744,Kmeson,0.0,0.0
Utau,2.0,u2_max,0.0003105530967744,Dmeson,0.0,0.0
Utau,2.0,u2_max,0.0003105530967744,tau,0.0,0.0
Utau,2.0,u2_max,0.0003105530967744,induced_tau,0.0,0.0
Utau,2.0,u2_max,0.0003105530967744,Bmeson,0.002581611785464767,0.0009315118428625338
Utau,2.0,u2_max,0.0003105530967744,Bbaryon,0.0,0.0
Utau,2.0,u2_max,0.0003105530967744,Bc,3.7220911525996955e-05,1.3430260926068248e-05
Utau,2.0,u2_max,0.0003105530967744,WZ,2.768802491943907,0.9990550578962113
Utau,2.4,u2_min,4.324780058584794e-07,Kmeson,0.0,0.0
Utau,2.4,u2_min,4.324780058584794e-07,Dmeson,0.0,0.0
Utau,2.4,u2_min,4.324780058584794e-07,tau,0.0,0.0
Utau,2.4,u2_min,4.324780058584794e-07,induced_tau,0.0,0.0
Utau,2.4,u2_min,4.324780058584794e-07,Bmeson,1.6860514212968145,0.5661486694852034
Utau,2.4,u2_min,4.324780058584794e-07,Bbaryon,0.0,0.0
Utau,2.4,u2_min,4.324780058584794e-07,Bc,1.0855369719437042,0.3645056755565785
Utau,2.4,u2_min,4.324780058584794e-07,WZ,0.20651879339286858,0.06934565495821812
Utau,2.4,peak_u2,1.742633386009651e-05,Kmeson,0.0,0.0
Utau,2.4,peak_u2,1.742633386009651e-05,Dmeson,0.0,0.0
Utau,2.4,peak_u2,1.742633386009651e-05,tau,0.0,0.0
Utau,2.4,peak_u2,1.742633386009651e-05,induced_tau,0.0,0.0
Utau,2.4,peak_u2,1.742633386009651e-05,Bmeson,2.817179542220777,0.0663428946654449
Utau,2.4,peak_u2,1.742633386009651e-05,Bbaryon,0.0,0.0
Utau,2.4,peak_u2,1.742633386009651e-05,Bc,1.1216664041599713,0.026414573507193808
Utau,2.4,peak_u2,1.742633386009651e-05,WZ,38.52507662478982,0.9072425318273613
Utau,2.4,u2_max,8.014158470815889e-05,Kmeson,0.0,0.0
Utau,2.4,u2_max,8.014158470815889e-05,Dmeson,0.0,0.0
Utau,2.4,u2_max,8.014158470815889e-05,tau,0.0,0.0
Utau,2.4,u2_max,8.014158470815889e-05,induced_tau,0.0,0.0
Utau,2.4,u2_max,8.014158470815889e-05,Bmeson,0.029234332384077088,0.010311663066025146
Utau,2.4,u2_max,8.014158470815889e-05,Bbaryon,0.0,0.0
Utau,2.4,u2_max,8.014158470815889e-05,Bc,0.00427348802820595,0.0015073636053872584
Utau,2.4,u2_max,8.014158470815889e-05,WZ,2.801566618782528,0.9881809733285876
Utau,2.8,u2_min,3.866933177210832e-07,Kmeson,0.0,0.0
Utau,2.8,u2_min,3.866933177210832e-07,Dmeson,0.0,0.0
Utau,2.8,u2_min,3.866933177210832e-07,tau,0.0,0.0
Utau,2.8,u2_min,3.866933177210832e-07,induced_tau,0.0,0.0
Utau,2.8,u2_min,3.866933177210832e-07,Bmeson,1.2766679120640037,0.4248852574577826
Utau,2.8,u2_min,3.866933177210832e-07,Bbaryon,0.0,0.0
Utau,2.8,u2_min,3.866933177210832e-07,Bc,1.319980300098086,0.4392999654386705
Utau,2.8,u2_min,3.866933177210832e-07,WZ,0.40808751273148525,0.13581477710354686
Utau,2.8,peak_u2,6.294988990221888e-06,Kmeson,0.0,0.0
Utau,2.8,peak_u2,6.294988990221888e-06,Dmeson,0.0,0.0
Utau,2.8,peak_u2,6.294988990221888e-06,tau,0.0,0.0
Utau,2.8,peak_u2,6.294988990221888e-06,induced_tau,0.0,0.0
Utau,2.8,peak_u2,6.294988990221888e-06,Bmeson,0.510332492078908,0.03266874361412875
Utau,2.8,peak_u2,6.294988990221888e-06,Bbaryon,0.0,0.0
Utau,2.8,peak_u2,6.294988990221888e-06,Bc,0.7414372947383209,0.047462831122291584
Utau,2.8,peak_u2,6.294988990221888e-06,WZ,14.369660229187325,0.9198684252635796
Utau,2.8,u2_max,2.3353868915263632e-05,Kmeson,0.0,0.0
Utau,2.8,u2_max,2.3353868915263632e-05,Dmeson,0.0,0.0
Utau,2.8,u2_max,2.3353868915263632e-05,tau,0.0,0.0
Utau,2.8,u2_max,2.3353868915263632e-05,induced_tau,0.0,0.0
Utau,2.8,u2_max,2.3353868915263632e-05,Bmeson,0.01948857398562312,0.006303035870085146
Utau,2.8,u2_max,2.3353868915263632e-05,Bbaryon,0.0,0.0
Utau,2.8,u2_max,2.3353868915263632e-05,Bc,0.014554714554260417,0.004707316604182033
Utau,2.8,u2_max,2.3353868915263632e-05,WZ,3.057891199429301,0.9889896475257328
Utau,3.2,u2_min,4.172623435205661e-07,Kmeson,0.0,0.0
Utau,3.2,u2_min,4.172623435205661e-07,Dmeson,0.0,0.0
Utau,3.2,u2_min,4.172623435205661e-07,tau,0.0,0.0
Utau,3.2,u2_min,4.172623435205661e-07,induced_tau,0.0,0.0
Utau,3.2,u2_min,4.172623435205661e-07,Bmeson,0.7109615023419615,0.23370897300018648
Utau,3.2,u2_min,4.172623435205661e-07,Bbaryon,0.0,0.0
Utau,3.2,u2_min,4.172623435205661e-07,Bc,1.331701319700798,0.437760056972212
Utau,3.2,u2_min,4.172623435205661e-07,WZ,0.9994176475907031,0.3285309700276015
Utau,3.2,peak_u2,2.58261876068268e-06,Kmeson,0.0,0.0
Utau,3.2,peak_u2,2.58261876068268e-06,Dmeson,0.0,0.0
Utau,3.2,peak_u2,2.58261876068268e-06,tau,0.0,0.0
Utau,3.2,peak_u2,2.58261876068268e-06,induced_tau,0.0,0.0
Utau,3.2,peak_u2,2.58261876068268e-06,Bmeson,0.23327183824728012,0.033412280421808
Utau,3.2,peak_u2,2.58261876068268e-06,Bbaryon,0.0,0.0
Utau,3.2,peak_u2,2.58261876068268e-06,Bc,0.2879313514387593,0.041241339412363236
Utau,3.2,peak_u2,2.58261876068268e-06,WZ,6.460416601072839,0.9253463801658288
Utau,3.2,u2_max,6.921059242459368e-06,Kmeson,0.0,0.0
Utau,3.2,u2_max,6.921059242459368e-06,Dmeson,0.0,0.0
Utau,3.2,u2_max,6.921059242459368e-06,tau,0.0,0.0
Utau,3.2,u2_max,6.921059242459368e-06,induced_tau,0.0,0.0
Utau,3.2,u2_max,6.921059242459368e-06,Bmeson,0.02598825094247934,0.008388190189336417
Utau,3.2,u2_max,6.921059242459368e-06,Bbaryon,0.0,0.0
Utau,3.2,u2_max,6.921059242459368e-06,Bc,0.012525240182815891,0.004042753667921724
Utau,3.2,u2_max,6.921059242459368e-06,WZ,3.0596817519340718,0.9875690561427419
Utau,3.6,u2_min,8.097573684662949e-07,Kmeson,0.0,0.0
Utau,3.6,u2_min,8.097573684662949e-07,Dmeson,0.0,0.0
Utau,3.6,u2_min,8.097573684662949e-07,tau,0.0,0.0
Utau,3.6,u2_min,8.097573684662949e-07,induced_tau,0.0,0.0
Utau,3.6,u2_min,8.097573684662949e-07,Bmeson,0.0,0.0
Utau,3.6,u2_min,8.097573684662949e-07,Bbaryon,0.0,0.0
Utau,3.6,u2_min,8.097573684662949e-07,Bc,0.2517152950684403,0.08334944127578299
Utau,3.6,u2_min,8.097573684662949e-07,WZ,2.768284493959248,0.9166505587242171
Utau,3.6,peak_u2,1.2033778407775905e-06,Kmeson,0.0,0.0
Utau,3.6,peak_u2,1.2033778407775905e-06,Dmeson,0.0,0.0
Utau,3.6,peak_u2,1.2033778407775905e-06,tau,0.0,0.0
Utau,3.6,peak_u2,1.2033778407775905e-06,induced_tau,0.0,0.0
Utau,3.6,peak_u2,1.2033778407775905e-06,Bmeson,0.0,0.0
Utau,3.6,peak_u2,1.2033778407775905e-06,Bbaryon,0.0,0.0
Utau,3.6,peak_u2,1.2033778407775905e-06,Bc,0.12713389020467916,0.0381167236017134
Utau,3.6,peak_u2,1.2033778407775905e-06,WZ,3.208249589580145,0.9618832763982866
Utau,3.6,u2_max,1.7317347393635472e-06,Kmeson,0.0,0.0
Utau,3.6,u2_max,1.7317347393635472e-06,Dmeson,0.0,0.0
Utau,3.6,u2_max,1.7317347393635472e-06,tau,0.0,0.0
Utau,3.6,u2_max,1.7317347393635472e-06,induced_tau,0.0,0.0
Utau,3.6,u2_max,1.7317347393635472e-06,Bmeson,0.0,0.0
Utau,3.6,u2_max,1.7317347393635472e-06,Bbaryon,0.0,0.0
Utau,3.6,u2_max,1.7317347393635472e-06,Bc,0.060278790326010044,0.01981626341158318
Utau,3.6,u2_max,1.7317347393635472e-06,WZ,2.9816060026857407,0.9801837365884167
