flavor,mass_GeV,has_sensitivity,u2_min_central,u2_min_open,u2_min_n_members_expected,u2_min_n_members_sensitive,u2_min_n_members_finite,u2_min_n_members_open,u2_min_topology_changed,u2_min_band_lo,u2_min_band_hi,u2_min_scale_up_dex,u2_min_scale_dn_dex,u2_min_pdf_sigma_dex,u2_min_mass_dev_dex,u2_max_central,u2_max_open,u2_max_n_members_expected,u2_max_n_members_sensitive,u2_max_n_members_finite,u2_max_n_members_open,u2_max_topology_changed,u2_max_band_lo,u2_max_band_hi,u2_max_scale_up_dex,u2_max_scale_dn_dex,u2_max_pdf_sigma_dex,u2_max_mass_dev_dex
Ue,0.305,True,8.550636040930045e-09,False,110,110,110,0,False,8.380773107373742e-09,8.742610628677507e-09,0.005949558339745309,0.004284269562580434,0.002560865668891005,0.007143296552083113,,True,110,110,0,110,False,,,,,,
Ue,0.5,True,1.3151734549151425e-07,False,110,110,110,0,False,9.46197083321531e-08,2.5967249642705336e-07,0.29145411565403023,0.1345674265243355,0.028238263081477123,0.03928889270264871,,True,110,110,0,110,False,,,,,,
Ue,0.7,True,7.251123764488126e-08,False,110,110,110,0,False,4.967575834223049e-08,1.4041475881056532e-07,0.2828573628551547,0.1568968809820248,0.0265810743033857,0.04072382152714584,,True,110,110,0,110,False,,,,,,
Ue,0.9,True,3.9708308039872845e-08,False,110,110,110,0,False,2.7346750541587698e-08,7.59926348684684e-08,0.2782425975587808,0.15554104038067873,0.026452604296944435,0.03665183136125934,0.0242591235768686,False,110,110,110,0,False,0.02419589385429784,0.024351469372213,0.0012046822228732879,0.00011498933704712222,0.0007053346174494717,0.0008797489007782867
Ue,1.0,True,2.992270842529672e-08,False,110,110,110,0,False,2.13626816660881e-08,5.5925839192805907e-08,0.26745046398882266,0.1384694269604756,0.027089935253667582,0.038849077219747535,0.0112644079674379,False,110,110,110,0,False,0.011220326539991728,0.0113357473559819,0.002195499606876705,0.0004501174561615251,0.0006022939596601269,0.0015278806400285377
Ue,1.2,True,1.9602168440881463e-08,False,110,110,110,0,False,1.3340170285651108e-08,3.7287185888250706e-08,0.2759489443598033,0.16155769023290656,0.026710709628298867,0.033501453652056846,0.0034924308701672,False,110,110,110,0,False,0.0034209095601381366,0.0035640833644377005,0.0024966561851926805,0.0030319168842347644,0.008265523011605583,0.0018002390064718586
Ue,1.4,True,1.4724055937223437e-08,False,110,110,110,0,False,9.775633542087739e-09,2.7008252207590593e-08,0.2605632278581673,0.17354961932839608,0.02505988531423929,0.02991206921834859,0.0012600933960886,False,110,110,110,0,False,0.0012543402455988332,0.0012658303909907497,0.0007546668534428314,0.0007920378487513702,0.0010544998026191718,0.0014867347178175124
Ue,1.6,True,1.2933208075770377e-08,False,110,110,110,0,False,8.692133280124e-09,2.410063489100901e-08,0.2668691339120821,0.1671192699658377,0.026706796248994715,0.03378926355266781,0.0005567611415506,False,110,110,110,0,False,0.0004955619183773021,0.0006357798881723603,0.04293920988235911,0.03284930664332153,0.015966924816063835,0.03497721414965159
Ue,1.8,True,1.6562421587260467e-08,False,110,110,110,0,False,1.2357373941988223e-08,2.7230128404167443e-08,0.2121569130129286,0.12068894932301877,0.020640883656349366,0.0344582740408977,0.0002265018498337,False,110,110,110,0,False,0.0002210575607607393,0.00024476113927964443,0.0322046628860595,0.0038822405784859626,0.008867247137885465,0.004236568930728817
Ue,2.0,True,2.3875929272143555e-08,False,110,110,110,0,False,1.9578671907514588e-08,3.160659073589087e-08,0.1149058821992135,0.07609451446214877,0.010851403496727164,0.03896609708351306,0.0001064770376737,False,110,110,110,0,False,0.00010529817350912777,0.00010796620104437989,0.00375780430828776,0.0010564842489864112,0.004541104681620096,0.0012808645212074588
Ue,2.2,True,2.4182192926665803e-08,False,110,110,110,0,False,1.9476201882106904e-08,3.161672828500427e-08,0.10942780133557051,0.08517583740788126,0.010277788578106795,0.03839048971145065,5.3249088666100705e-05,False,110,110,110,0,False,5.292308624489841e-05,5.475654390286756e-05,0.01182885557668989,0.00021698317987262072,0.002277863359030493,0.0013701227976996577
Ue,2.4,True,2.5588483697092577e-08,False,110,110,110,0,False,2.131035474837094e-08,3.363494211268243e-08,0.11222199004326949,0.06932567163319714,0.013115392032903041,0.0365356750303798,2.815260852972028e-05,False,110,110,110,0,False,2.7542515729656736e-05,2.862813511009682e-05,0.0,0.006133413048366343,0.0037955782717532314,0.006205701059272428
Ue,2.6,True,3.1653463033654417e-08,False,110,110,110,0,False,2.3920546685802466e-08,4.2442614355022796e-08,0.11714076242268323,0.11088200696335271,0.013066220780455244,0.048303296995821476,1.5010431517323596e-05,False,110,110,110,0,False,1.4840186753300268e-05,1.5190718980472042e-05,0.0028595606159127485,0.0024148559188157392,0.0030527234715929845,0.00306424468540456
Ue,2.8,True,4.021741839775729e-08,False,110,110,110,0,False,3.177340310892894e-08,5.5966615687386104e-08,0.12872607513479117,0.08030880613629154,0.013178577262913584,0.06206800082838093,8.277802004639734e-06,False,110,110,110,0,False,8.156981072989877e-06,8.471265387289907e-06,0.007904986517353052,0.0016119157796365968,0.002869819654242911,0.005471881920835919
Ue,3.0,True,6.877546003818727e-08,False,110,110,110,0,False,5.5046067600676075e-08,9.052558385375795e-08,0.11686058446980496,0.09363312398237955,0.013237344918322838,0.020245845900165982,4.625501708507161e-06,False,110,110,110,0,False,4.575186225080033e-06,4.669736329876749e-06,0.002111725021705979,0.0031522387850371203,0.0033316431438485594,0.001235599889868766
Ue,3.2,True,1.005949051815289e-07,False,110,110,110,0,False,8.003223163906307e-08,1.404876268322775e-07,0.1408556829241414,0.09305911890786156,0.017861708068792708,0.02972618589928988,2.625257617599798e-06,False,110,110,110,0,False,2.5685315710896893e-06,2.675638056475338e-06,0.0027570629934468016,0.005427032892044714,0.003038626943336308,0.007163629793358162
Ue,3.4,True,1.4382381979475588e-07,False,110,110,110,0,False,1.0225871697670478e-07,1.8468494221617532e-07,0.09885113181969185,0.14113851329117644,0.0273051455351849,0.0357349696845084,1.3819061406431975e-06,False,110,110,110,0,False,1.3467144047158274e-06,1.4177188183522042e-06,0.00723320149184925,0.0073729660383765605,0.004083595827482579,0.007380497921799289
Ue,3.6,True,2.636955742109933e-07,False,110,110,110,0,False,1.9350774146617522e-07,3.254887500296527e-07,0.08246455495608984,0.12847160057262208,0.034096614995537185,0.019925798027527364,7.258370469707493e-07,False,110,110,110,0,False,6.548175423480165e-07,7.688720177176764e-07,0.0,0.037067868856327735,0.012286360060534057,0.02178971789541606
Umu,0.305,True,1.0895300384538084e-08,False,110,110,110,0,False,1.070149597935234e-08,1.1198130287305112e-08,0.009024406584094535,0.0006613173311311726,0.0037566193326387053,0.006797651243634727,,True,110,110,0,110,False,,,,,,
Umu,0.5,True,1.498059733277851e-07,False,110,110,110,0,False,1.0062317542667509e-07,2.788332322095725e-07,0.26618628976069925,0.16710889506559123,0.026866254644503318,0.03497734813844242,,True,110,110,0,110,False,,,,,,
Umu,0.7,True,7.397657103131411e-08,False,110,110,110,0,False,5.284916762210927e-08,1.4794669957399266e-07,0.2976883478786343,0.13907928679798776,0.025149975337288435,0.03683475450265534,,True,110,110,0,110,False,,,,,,
Umu,0.9,True,4.303733579143944e-08,False,110,110,110,0,False,3.0584394311425015e-08,8.132417987948342e-08,0.2748459456319994,0.14547824002579368,0.026633093138716334,0.011538880041763636,0.0268317923989739,False,110,110,110,0,False,0.025204091596654862,0.028581929693124446,0.004387894132362735,0.0022081886048535004,0.021585204305739698,0.01636707375985059
Umu,1.0,True,3.026863014354257e-08,False,110,110,110,0,False,2.185137628031805e-08,5.953926286949583e-08,0.2874267453182888,0.12773260441330425,0.02936282051271545,0.05337050257692516,0.0117614611070452,False,110,110,110,0,False,0.011538042873412169,0.012260484280510093,0.016283599521302206,0.0029764600971071697,0.007479351734634128,0.002138775986270412
Umu,1.2,True,1.8787950958155203e-08,False,110,110,110,0,False,1.3627627236007013e-08,3.6726543672993814e-08,0.287467786087209,0.13170803155151045,0.02690981673390606,0.037117609462848415,0.0035784117262507,False,110,110,110,0,False,0.0034462610100771743,0.0037351843773648285,0.008927679457281013,0.0,0.016300158604029828,0.0011706518697763837
Umu,1.4,True,1.4231673747998354e-08,False,110,110,110,0,False,9.677304203710266e-09,2.7695840331252914e-08,0.28670069894085426,0.16322191927211627,0.027081850045996284,0.02611436003687492,0.0012902798665161,False,110,110,110,0,False,0.0012616291282699175,0.0013197059008234974,0.0015162487737869768,0.0012235865623608788,0.008293460281391593,0.00498267156666997
Umu,1.6,True,1.3402596091138214e-08,False,110,110,110,0,False,9.176959941655736e-09,2.5463655942410857e-08,0.2755788696097161,0.15908888195856807,0.023681447028956325,0.03445152556364025,0.0005253363875671,False,110,110,110,0,False,0.0004947805691938412,0.0006829883291471639,0.11097173230599511,0.0012390556178676349,0.011464941873064552,0.023330506562540577
Umu,1.8,True,1.781973955737387e-08,False,110,110,110,0,False,1.2682162478295209e-08,2.779888939687482e-08,0.18952196456369386,0.1429634641580977,0.016789674377187456,0.03312430645440102,0.0002304476263883,False,110,110,110,0,False,0.00021477002531722423,0.0002479644226346049,0.008722286092638143,0.00014412028549415368,0.006053175387659314,0.029993513284735235
Umu,2.0,True,2.36717491140754e-08,False,110,110,110,0,False,1.942771522208348e-08,3.1945717259488013e-08,0.12741823661836094,0.08155425575658182,0.01054108983307667,0.024513427771513108,0.0001090149160679,False,110,110,110,0,False,0.00010785208529006177,0.00011114785803344591,0.007008848912056553,0.0,0.0029784833665940113,0.0035804761146351893
Umu,2.2,True,2.3796264211194055e-08,False,110,110,110,0,False,2.0194552320183823e-08,3.257112062739442e-08,0.1326629137112061,0.06399452840969921,0.011139333088565002,0.029337303739247034,5.392321463550063e-05,False,110,110,110,0,False,5.3539168934166234e-05,5.431828413647644e-05,0.0012657952047128163,0.0010896708311252112,0.0014797589809313308,0.0025017340859294634
Umu,2.4,True,2.4882427286908096e-08,False,110,110,110,0,False,2.0785596606077705e-08,3.4211444391456e-08,0.13136595354605607,0.06511804604726912,0.012069964944081486,0.0414522840175815,2.8123444832074335e-05,False,110,110,110,0,False,2.7668637815275774e-05,2.8931983241459464e-05,0.010069338992271248,0.0,0.0048585035183387505,0.005150901937351904
Umu,2.6,True,3.19699637396984e-08,False,110,110,110,0,False,2.5507159771775945e-08,4.138592830049131e-08,0.10835257029597933,0.09376138280641388,0.012591433668566656,0.025883457486541417,1.511476900638598e-05,False,110,110,110,0,False,1.4990697148637411e-05,1.529642224000677e-05,0.003817115434364915,0.0006823076622772817,0.003063423302530727,0.0017216363432028814
Umu,2.8,True,4.6037916495564995e-08,False,110,110,110,0,False,3.6841424724953756e-08,5.762341056988636e-08,0.0846629228440694,0.08385129151557802,0.014773887289572097,0.046009947224779246,8.366358998715896e-06,False,110,110,110,0,False,8.210837065791398e-06,8.555823028787087e-06,0.005887594813980712,0.002547466601549253,0.0051617504666556435,0.005768358257173034
Umu,3.0,True,7.073532822386251e-08,False,110,110,110,0,False,5.832267437661369e-08,9.390147907098228e-08,0.11828503341331498,0.07665337497377589,0.0128451092494367,0.03132931675230033,4.637775577946099e-06,False,110,110,110,0,False,4.593693223497873e-06,4.718173331648458e-06,0.006509664318679498,0.00196615447330295,0.0030738572190552385,0.0019721536879790946
Umu,3.2,True,9.99596125022745e-08,False,110,110,110,0,False,8.022821794003813e-08,1.3330660944856732e-07,0.11629320443443358,0.08373819848020059,0.02092655575462282,0.04086257801446891,2.59951014221428e-06,False,110,110,110,0,False,2.547309388796359e-06,2.6298140842982683e-06,0.0016200040874485566,0.007409514696721686,0.003231015684231142,0.003503220837145271
Umu,3.4,True,1.395722859344063e-07,False,110,110,110,0,False,9.494961452638062e-08,1.8523081436940125e-07,0.10984463723851956,0.15795339428577648,0.028106476206504197,0.047455705979452034,1.3816890938294962e-06,False,110,110,110,0,False,1.3445242700897664e-06,1.4466442315650454e-06,0.016057188333998162,0.0,0.004866774466763081,0.010795368143065254
Umu,3.6,True,2.576220158493886e-07,False,110,110,110,0,False,2.103924899309977e-07,3.239869355450938e-07,0.07273717309992289,0.05583250604880341,0.03220799582368677,0.0598419659373457,7.00252707654953e-07,False,110,110,110,0,False,6.681363913171368e-07,7.327926872683434e-07,0.006820840474011547,0.008551865389495816,0.011028735728721279,0.01486510064943225
Utau,0.305,True,1.0946759017273852e-05,False,110,110,110,0,False,8.136385626465544e-06,1.7267449848399974e-05,0.1955592839725364,0.12516191333915838,0.020501009749167565,0.02275007788717479,,True,110,110,0,110,False,,,,,,
Utau,0.5,True,3.095446029334271e-06,False,110,110,110,0,False,2.3360450371252664e-06,4.855519717383294e-06,0.19023157795196521,0.11360472614789341,0.021483257306966697,0.03969317953880211,,True,110,110,0,110,False,,,,,,
Utau,0.7,True,9.942599449172153e-07,False,110,110,110,0,False,7.725269049598894e-07,1.4541966614286006e-06,0.16044140813135943,0.10239598682806061,0.01654322129162774,0.03536308012353734,,True,110,110,0,110,False,,,,,,
Utau,0.9,True,5.306326194041179e-07,False,110,110,110,0,False,3.942232430004013e-07,7.254125848009228e-07,0.13308722003599271,0.1262034852227858,0.01465371997551819,0.02263392554099598,0.0564814597977378,False,110,110,110,0,False,0.0556969585029507,0.05739462542182457,0.003408350194511023,0.0,0.001965419301773431,0.005747683194877873
Utau,1.0,True,4.688678606596602e-07,False,110,110,110,0,False,3.661403734885835e-07,6.623499234208467e-07,0.14625806646887707,0.10205725705642266,0.01552608656699438,0.029641657139624793,0.0290370030008733,False,110,110,110,0,False,0.02833814267666046,0.029693609900235778,0.0,0.00419969353191374,0.002471450876341513,0.00939145969692753
Utau,1.2,True,3.6983731265633065e-07,False,110,110,110,0,False,2.9067101420299745e-07,5.077039204821692e-07,0.1322229464673086,0.09742816510747598,0.01320794311150664,0.03572597804314207,0.0088594490966949,False,110,110,110,0,False,0.008814351450010003,0.008882458580083607,0.0,0.001908738577551361,0.0008769289819066411,0.00070706352682298
Utau,1.4,True,4.498056712449258e-07,False,110,110,110,0,False,3.725730887732197e-07,6.082509280284103e-07,0.12722013685357503,0.07551319080648966,0.012323174953505154,0.028971314752030294,0.0033561156906327,False,110,110,110,0,False,0.0033056009677872307,0.0034051402277591376,0.0014010647639906004,0.0023830918744085494,0.0018704190116844138,0.00584844754052815
Utau,1.6,True,6.614876129904054e-07,False,110,110,110,0,False,5.336430110439719e-07,8.410851387640349e-07,0.09555654180546913,0.0833559577634837,0.009269548302746905,0.04080831662559929,0.001430448397265,False,110,110,110,0,False,0.001421752082278812,0.0014407965131711382,0.0018819616580709742,0.0008692833599770466,0.0014221976562426603,0.002057987412856088
Utau,1.8,True,5.13863106637463e-07,False,110,110,110,0,False,4.38703642711053e-07,6.277161316833066e-07,0.08219179794191334,0.0625903068857312,0.010070174828752698,0.0264095661623287,0.0006520525945652,False,110,110,110,0,False,0.0006446948153120428,0.0006584975510926683,0.003168762099529765,0.004010566429153872,0.001833263517454219,0.002200935867016085
Utau,2.0,True,4.395005402713873e-07,False,110,110,110,0,False,3.7100478766810716e-07,5.318680536546287e-07,0.07448973849712459,0.06402743809254119,0.010291263975409099,0.03476461747851012,0.0003093237616308,False,110,110,110,0,False,0.00030807255055109414,0.00031258931740394904,0.004207465285868572,0.0,0.0015927419984405604,0.0007495026926327419
Utau,2.2,True,3.729674709349384e-07,False,110,110,110,0,False,3.285565449452905e-07,4.3766890498614013e-07,0.06664824336938402,0.051448465431501944,0.010133381437627851,0.016794799462219068,0.0001553814035706,False,110,110,110,0,False,0.00015373363243547348,0.00015750230664303864,0.003644104302843676,0.0002251349919344392,0.0024440603172385,0.003926090201644694
Utau,2.4,True,3.257921866752195e-07,False,110,110,110,0,False,2.8592241141091365e-07,3.9186178080223863e-07,0.07628536984184198,0.05101664008424578,0.010524547742568856,0.022373468843111866,8.058427208735026e-05,False,110,110,110,0,False,8.006539203622882e-05,8.125755446689205e-05,0.002595684492312067,0.0012454107894281918,0.002318943297827264,0.0009705768749750376
Utau,2.6,True,2.9613319029202093e-07,False,110,110,110,0,False,2.648712478747043e-07,3.4316630453259887e-07,0.06039522701724209,0.043554088933624335,0.009306576762965372,0.019080126251109775,4.300885712610241e-05,False,110,110,110,0,False,4.256757585798239e-05,4.394246240369803e-05,0.008276441329133633,0.0012559472504731772,0.0025621184293452364,0.003452454115540071
Utau,2.8,True,2.929488976911474e-07,False,110,110,110,0,False,2.493105553342974e-07,3.421775580576319e-07,0.06310211826778733,0.06586534189756144,0.013611252247383873,0.019587278087981552,2.4000962854512393e-05,False,110,110,110,0,False,2.326158446558588e-05,2.4455226900994635e-05,0.0,0.010879432268995792,0.002896224068583617,0.007610575144290088
Utau,3.0,True,2.972542524264172e-07,False,110,110,110,0,False,2.453189762980996e-07,3.7077089851123966e-07,0.08783064104610716,0.0738754168685869,0.013809194827010157,0.036149374382712374,1.2850922893854876e-05,False,110,110,110,0,False,1.2715550974408963e-05,1.2961153630507599e-05,0.00074790990624507,0.00281996461967271,0.003012159554886764,0.0020314362560300836
Utau,3.2,True,3.254334349719712e-07,False,110,110,110,0,False,2.854471183459108e-07,3.57734808910967e-07,0.03597609968269477,0.05335649252827679,0.011791822636995405,0.015993857331078942,7.198655641137825e-06,False,110,110,110,0,False,7.079013540133502e-06,7.296652357707699e-06,0.0016053827893367512,0.0045905001751052055,0.0031244916892350524,0.004705708398166308
Utau,3.4,True,5.160082187575378e-07,False,110,110,110,0,False,4.6210828001051084e-07,5.500918916268784e-07,0.008623136355815575,0.03997936325900486,0.00903113243098534,0.024813950671106255,3.801214333511785e-06,False,110,110,110,0,False,3.734574214777619e-06,3.887000161499036e-06,0.007738280079681914,0.004994401281110505,0.003934227132128253,0.004310409253184488
Utau,3.6,True,6.945782805052233e-07,False,110,110,110,0,False,6.945782805052175e-07,6.94578280505229e-07,0.0,0.0,3.570611593983174e-15,0.0,1.8669386468754688e-06,False,110,110,110,0,False,1.8669386468754611e-06,1.8669386468754764e-06,0.0,0.0,1.785305796991587e-15,0.0
