event,	id,	pt,	eta,	phi,	momentum,	mass
0,	9900015,	36.4283,	4.53191,	2.65402,	1692.95,	79
0,	9900015,	36.4273,	4.53193,	2.65402,	1692.94,	79
1,	9900015,	47.0154,	4.70876,	0.873282,	2607.55,	79
1,	9900015,	47.0154,	4.70876,	0.873282,	2607.55,	79
2,	-9900015,	9.74493,	5.7914,	-2.2301,	1595.61,	79
2,	-9900015,	9.74493,	5.7914,	-2.2301,	1595.61,	79
3,	-9900015,	51.025,	1.34328,	-0.821279,	104.412,	79
4,	-9900015,	6.04581,	6.0454,	-2.4878,	1276.18,	79
5,	9900015,	11.8488,	-3.7877,	-1.16541,	261.725,	79
6,	-9900015,	15.8768,	3.45199,	-0.615811,	250.812,	79
7,	-9900015,	7.91952,	0.849532,	-1.91746,	10.9534,	79
7,	-9900015,	7.91952,	0.849533,	-1.91746,	10.9534,	79
8,	9900015,	1.83964,	7.05092,	-2.6721,	1061.41,	79
9,	-9900015,	8.67445,	-5.92672,	2.49579,	1626.14,	79
10,	9900015,	6.74628,	4.93329,	-1.26543,	468.338,	79
10,	9900015,	6.74628,	4.93329,	-1.26543,	468.338,	79
11,	-9900015,	19.5542,	-3.92805,	2.36178,	496.945,	79
12,	-9900015,	1.12205,	5.73077,	-1.79009,	172.913,	79
13,	9900015,	15.813,	2.16315,	-0.915108,	69.6835,	79
14,	-9900015,	14.5408,	4.68914,	-2.77347,	790.797,	79
15,	-9900015,	2.26439,	-3.78463,	-0.729778,	49.8644,	79
16,	-9900015,	2.60909,	-6.76296,	-0.0633082,	1128.69,	79
17,	9900015,	14.8718,	-1.88877,	0.168601,	50.2855,	79
17,	9900015,	14.8718,	-1.88878,	0.168597,	50.2855,	79
18,	-9900015,	2.11385,	-4.04552,	-0.668829,	60.4121,	79
18,	-9900015,	2.11389,	-4.04552,	-0.669753,	60.4134,	79
19,	9900015,	3.67574,	-4.29985,	1.53721,	135.455,	79
19,	9900015,	3.6757,	-4.29987,	1.53736,	135.457,	79
20,	9900015,	1.90382,	7.81401,	0.41413,	2356.01,	79
20,	9900015,	1.90739,	7.81208,	0.417124,	2355.88,	79
20,	9900015,	1.9074,	7.81207,	0.417134,	2355.88,	79
21,	-9900015,	17.441,	2.54621,	2.16418,	111.945,	79
22,	9900015,	4.60751,	3.01406,	1.57291,	47.0406,	79
22,	9900015,	4.60747,	3.01407,	1.57291,	47.0406,	79
23,	9900015,	9.49191,	-2.34481,	-0.682113,	49.9614,	79
24,	9900015,	9.76169,	-0.722429,	1.84596,	12.4218,	79
25,	-9900015,	48.5762,	-4.61868,	-1.47111,	2462.08,	79
26,	9900015,	88.5183,	3.36181,	0.916845,	1278.02,	79
27,	9900015,	2.48179,	6.62181,	0.0738595,	932.291,	79
27,	9900015,	2.48129,	6.622,	0.0737237,	932.28,	79
28,	9900015,	31.2487,	-4.02583,	-2.94617,	875.663,	79
29,	9900015,	55.4966,	2.0907,	1.16498,	227.93,	79
30,	-9900015,	16.0706,	2.16535,	1.96588,	70.9708,	79
31,	9900015,	6.82242,	-3.66161,	-1.9917,	132.865,	79
32,	-9900015,	9.25655,	-4.11421,	-0.313885,	283.344,	79
33,	-9900015,	5.09362,	4.43479,	0.333986,	214.815,	79
34,	-9900015,	3.05818,	-6.03122,	-2.16126,	636.448,	79
35,	-9900015,	13.7747,	-5.39601,	-2.254,	1518.87,	79
36,	-9900015,	10.7143,	3.57774,	2.31141,	191.897,	79
37,	9900015,	2.49764,	-7.15597,	-2.66274,	1600.65,	79
38,	9900015,	7.43985,	-6.7409,	-2.15027,	3148.27,	79
39,	9900015,	16.0508,	-5.39281,	-2.29674,	1764.19,	79
39,	9900015,	16.0508,	-5.39281,	-2.29674,	1764.19,	79
40,	-9900015,	9.52591,	-0.288273,	0.773175,	9.92447,	79
41,	9900015,	0.418904,	5.57418,	-0.170007,	55.1983,	79
42,	9900015,	73.7957,	3.95556,	1.52736,	1927.7,	79
43,	9900015,	11.2866,	-3.60769,	-1.91517,	208.282,	79
44,	-9900015,	76.0275,	0.808814,	-1.28141,	102.281,	79
45,	-9900015,	19.3052,	3.87602,	-2.0977,	465.764,	79
45,	-9900015,	19.3052,	3.87602,	-2.0977,	465.764,	79
46,	-9900015,	25.9247,	3.91701,	-1.01497,	651.614,	79
47,	-9900015,	28.6268,	2.33964,	1.34157,	149.917,	79
47,	-9900015,	28.6268,	2.33964,	1.34157,	149.917,	79
48,	9900015,	2.57842,	7.44694,	0.547948,	2210.48,	79
49,	9900015,	52.9783,	-2.87359,	-0.542057,	470.367,	79
50,	-9900015,	11.8443,	-1.97482,	-3.05781,	43.4929,	79
51,	-9900015,	9.0645,	5.07734,	-2.85139,	726.76,	79
52,	-9900015,	17.7485,	-1.93373,	2.36712,	62.6507,	79
53,	9900015,	8.92446,	4.25376,	-0.79146,	314.068,	79
54,	9900015,	11.0964,	5.22639,	1.51799,	1032.66,	79
55,	9900015,	0.418066,	-8.15758,	-1.00108,	729.467,	79
56,	9900015,	27.5693,	0.124914,	0.897172,	27.7847,	79
56,	9900015,	27.562,	0.125202,	0.897069,	27.7783,	79
57,	-9900015,	6.51507,	-4.63722,	-2.87641,	336.395,	79
58,	9900015,	9.231,	-5.38391,	-3.091,	1005.62,	79
58,	9900015,	9.23099,	-5.38392,	-3.091,	1005.62,	79
59,	-9900015,	14.0938,	-3.56289,	2.0712,	248.71,	79
60,	-9900015,	5.8663,	5.83016,	-3.01464,	998.492,	79
61,	9900015,	33.2646,	-4.30589,	1.08921,	1233.27,	79
62,	9900015,	9.43489,	-4.33241,	0.591081,	359.19,	79
63,	9900015,	12.7548,	6.23654,	-0.66149,	3259.4,	79
63,	9900015,	12.7548,	6.23654,	-0.66149,	3259.4,	79
64,	-9900015,	27.4079,	4.49377,	-2.19222,	1226.09,	79
65,	-9900015,	6.13054,	3.22619,	-1.06005,	77.3163,	79
65,	-9900015,	6.13054,	3.22619,	-1.06005,	77.3163,	79
66,	9900015,	14.8673,	0.662079,	2.63466,	18.2466,	79
67,	9900015,	24.7343,	4.4684,	-0.808836,	1078.77,	79
68,	9900015,	9.93459,	-5.9347,	-0.566551,	1877.29,	79
69,	9900015,	17.3981,	-4.77446,	0.531267,	1030.45,	79
70,	9900015,	80.9958,	2.28892,	0.287466,	403.589,	79
71,	9900015,	1.59137,	7.54348,	-2.3896,	1502.56,	79
71,	9900015,	1.59137,	7.54348,	-2.38959,	1502.56,	79
72,	9900015,	56.8492,	0.93528,	1.02544,	83.5798,	79
72,	9900015,	56.8491,	0.935281,	1.02544,	83.5797,	79
73,	9900015,	2.50977,	-4.60674,	-0.96759,	125.698,	79
74,	-9900015,	19.0987,	4.1084,	1.29588,	581.226,	79
75,	9900015,	7.57262,	-3.36925,	-3.07896,	110.148,	79
76,	-9900015,	19.1262,	2.4418,	0.347734,	110.748,	79
76,	-9900015,	19.1265,	2.44182,	0.347762,	110.751,	79
77,	9900015,	6.03355,	4.12672,	2.54754,	187.012,	79
78,	-9900015,	13.9457,	-1.80885,	-2.91499,	43.7007,	79
78,	-9900015,	13.9457,	-1.80885,	-2.91499,	43.7007,	79
79,	9900015,	3.86393,	-3.6459,	-1.93087,	74.0778,	79
80,	9900015,	7.35516,	3.27905,	-3.08326,	97.7798,	79
81,	-9900015,	4.75635,	-4.4758,	-0.671828,	208.984,	79
81,	-9900015,	4.75636,	-4.47579,	-0.671813,	208.984,	79
82,	9900015,	15.9246,	5.09198,	1.99303,	1295.61,	79
83,	9900015,	1.89239,	5.18779,	0.0274375,	169.443,	79
83,	9900015,	1.89239,	5.18779,	0.0274375,	169.443,	79
84,	9900015,	4.50475,	-3.09046,	0.185655,	49.6256,	79
84,	9900015,	4.50475,	-3.09046,	0.185655,	49.6256,	79
85,	9900015,	2.66235,	-5.31813,	-0.417801,	271.57,	79
86,	9900015,	15.7595,	1.56681,	-2.27347,	39.3993,	79
87,	9900015,	4.63615,	-2.30111,	2.96334,	23.3786,	79
88,	9900015,	15.3253,	-4.6964,	-2.64211,	839.525,	79
89,	9900015,	37.4474,	-3.79489,	-0.553723,	833.127,	79
90,	9900015,	17.892,	-3.09851,	-0.86723,	198.691,	79
91,	-9900015,	22.6888,	5.31804,	2.60621,	2314.12,	79
92,	9900015,	3.04967,	-7.10843,	-2.10396,	1863.7,	79
92,	9900015,	3.58832,	-6.93936,	-2.02686,	1851.77,	79
92,	9900015,	3.59208,	-6.93828,	-2.0271,	1851.71,	79
93,	-9900015,	6.74019,	4.31405,	-1.75648,	251.934,	79
94,	-9900015,	2.56367,	4.8242,	2.37397,	159.583,	79
95,	-9900015,	7.41201,	4.9655,	2.2985,	531.394,	79
95,	-9900015,	7.41201,	4.9655,	2.2985,	531.394,	79
96,	9900015,	9.12079,	-6.60293,	1.7668,	3362.16,	79
97,	9900015,	8.11936,	3.93604,	1.28632,	207.997,	79
98,	-9900015,	3.4492,	-6.52706,	1.27573,	1178.57,	79
99,	-9900015,	42.0411,	-0.827683,	-1.92439,	57.2825,	79
100,	9900015,	4.59969,	5.13154,	-2.53395,	389.328,	79
101,	9900015,	41.7921,	-4.91199,	-1.78143,	2840.14,	79
102,	-9900015,	8.77463,	-2.6034,	0.300475,	59.5956,	79
103,	-9900015,	16.9644,	4.85513,	-0.597584,	1089.16,	79
104,	-9900015,	5.19755,	-3.34989,	0.827469,	74.1549,	79
104,	-9900015,	5.19668,	-3.35006,	0.8274,	74.1557,	79
105,	-9900015,	3.62121,	-5.97081,	-1.71917,	709.441,	79
106,	9900015,	5.39022,	6.79578,	-1.19016,	2409.61,	79
106,	9900015,	5.39022,	6.79578,	-1.19016,	2409.61,	79
107,	9900015,	4.74791,	-3.6684,	-3.05245,	93.0936,	79
108,	-9900015,	8.70513,	-1.62136,	-0.967525,	22.8841,	79
108,	-9900015,	8.76045,	-1.61328,	-0.978529,	22.8581,	79
109,	9900015,	6.93232,	-3.28617,	0.261945,	92.8152,	79
109,	9900015,	6.89472,	-3.28943,	0.256535,	92.6125,	79
110,	-9900015,	1.24255,	-5.99946,	2.30309,	250.507,	79
111,	9900015,	2.41586,	-5.08664,	-2.05545,	195.504,	79
112,	-9900015,	7.96943,	-5.43753,	1.94771,	915.996,	79
113,	9900015,	38.3196,	4.08259,	-0.293137,	1136.47,	79
114,	-9900015,	9.57479,	3.99438,	-1.67486,	260.007,	79
114,	-9900015,	9.57479,	3.99438,	-1.67486,	260.007,	79
115,	-9900015,	13.7589,	-2.61409,	-1.62469,	94.4414,	79
116,	-9900015,	11.0489,	6.09977,	-2.49016,	2462.57,	79
117,	9900015,	18.689,	-3.37729,	2.99029,	274.033,	79
118,	9900015,	7.35811,	6.87946,	2.8671,	3576.43,	79
119,	9900015,	15.1972,	-3.67101,	-0.115415,	298.753,	79
120,	-9900015,	4.43298,	2.30963,	2.76707,	22.5418,	79
121,	9900015,	45.7633,	-2.03287,	-0.848902,	177.72,	79
122,	9900015,	0.813299,	-7.78681,	2.40646,	979.461,	79
123,	9900015,	14.8386,	2.79486,	2.09474,	121.836,	79
123,	9900015,	14.8386,	2.79486,	2.09474,	121.836,	79
124,	-9900015,	27.5312,	-2.62046,	-2.84344,	190.169,	79
124,	-9900015,	27.5311,	-2.62046,	-2.84344,	190.169,	79
125,	-9900015,	52.4347,	-2.61022,	-2.75575,	358.535,	79
126,	9900015,	8.79451,	-2.94103,	-2.58028,	83.4959,	79
126,	9900015,	8.79451,	-2.94103,	-2.58028,	83.4959,	79
127,	9900015,	1.15442,	6.93091,	-1.74964,	590.732,	79
128,	-9900015,	1.6494,	-6.15441,	-1.99976,	388.261,	79
129,	-9900015,	54.9992,	-1.23043,	-1.80154,	102.157,	79
129,	-9900015,	55.2692,	-1.23181,	-1.80028,	102.778,	79
130,	-9900015,	22.6774,	-4.95333,	-0.29698,	1606.15,	79
130,	-9900015,	22.674,	-4.95328,	-0.296231,	1605.84,	79
131,	9900015,	4.56517,	-2.62115,	0.0127243,	31.555,	79
132,	9900015,	57.6911,	-4.26456,	1.32453,	2052.3,	79
132,	9900015,	57.6911,	-4.26456,	1.32453,	2052.3,	79
132,	9900015,	57.6911,	-4.26456,	1.32453,	2052.3,	79
133,	9900015,	25.1922,	4.72294,	-1.32551,	1417.16,	79
133,	9900015,	25.1922,	4.72294,	-1.32551,	1417.16,	79
134,	9900015,	5.4409,	-4.35378,	-0.16941,	211.61,	79
135,	9900015,	4.46098,	3.27243,	0.264086,	58.9143,	79
136,	9900015,	1.57288,	5.47363,	-0.0977383,	187.43,	79
137,	9900015,	11.6283,	5.48678,	2.96273,	1404.01,	79
137,	9900015,	11.6283,	5.48678,	2.96273,	1404.01,	79
137,	9900015,	11.6283,	5.48678,	2.96273,	1404.01,	79
138,	9900015,	7.0591,	5.82079,	-0.563068,	1190.31,	79
139,	9900015,	26.5621,	-4.83802,	-1.23706,	1676.43,	79
139,	9900015,	26.5526,	-4.83832,	-1.23724,	1676.32,	79
140,	-9900015,	3.56671,	5.16113,	-2.65579,	310.959,	79
141,	9900015,	1.92178,	6.89283,	-2.7261,	946.66,	79
142,	9900015,	47.9543,	-3.22574,	-0.126552,	604.509,	79
143,	9900015,	1.35216,	7.66036,	-0.920515,	1434.99,	79
143,	9900015,	1.35216,	7.66036,	-0.920515,	1434.99,	79
144,	-9900015,	8.99804,	-4.31467,	2.64545,	336.536,	79
145,	9900015,	16.8413,	-3.93833,	1.43816,	432.42,	79
145,	9900015,	16.8395,	-3.93851,	1.43802,	432.452,	79
146,	-9900015,	18.0195,	6.06645,	1.83667,	3884.53,	79
147,	-9900015,	14.572,	-3.35861,	1.34992,	209.721,	79
147,	-9900015,	14.572,	-3.35861,	1.34992,	209.721,	79
148,	-9900015,	4.2407,	-3.46104,	-2.10956,	67.5997,	79
149,	9900015,	14.0426,	2.26259,	3.11197,	68.1911,	79
150,	9900015,	9.20118,	-3.83578,	-1.3552,	213.243,	79
151,	9900015,	9.69717,	3.4989,	-0.790499,	160.533,	79
152,	9900015,	24.5878,	-4.62279,	0.753087,	1251.37,	79
153,	9900015,	49.5565,	2.57328,	-1.18063,	326.701,	79
153,	9900015,	49.5565,	2.57328,	-1.18063,	326.701,	79
153,	9900015,	49.5565,	2.57328,	-1.18063,	326.701,	79
154,	9900015,	5.1851,	4.41108,	1.64725,	213.55,	79
154,	9900015,	5.1851,	4.41108,	1.64725,	213.55,	79
155,	9900015,	18.5645,	-5.44008,	1.29264,	2139.24,	79
156,	-9900015,	113.795,	0.855698,	0.329953,	158.061,	79
156,	-9900015,	113.795,	0.855698,	0.329953,	158.061,	79
157,	-9900015,	44.1061,	4.7533,	1.81374,	2557.62,	79
157,	-9900015,	44.1061,	4.7533,	1.81374,	2557.62,	79
158,	9900015,	12.3799,	6.04671,	1.22614,	2616.63,	79
158,	9900015,	12.3799,	6.04671,	1.22614,	2616.64,	79
159,	-9900015,	25.3675,	-3.63195,	2.42724,	479.61,	79
160,	9900015,	64.1368,	3.4293,	2.44509,	990.514,	79
161,	-9900015,	9.65627,	-6.05317,	-1.50981,	2054.19,	79
162,	-9900015,	8.54419,	1.46702,	-0.35646,	19.5103,	79
163,	9900015,	7.53248,	5.31941,	-2.23012,	769.321,	79
164,	9900015,	10.1612,	-2.33633,	2.54557,	53.0413,	79
164,	9900015,	10.1612,	-2.33633,	2.54557,	53.0414,	79
165,	9900015,	15.015,	4.22396,	-1.14791,	512.897,	79
166,	9900015,	7.9783,	-1.97126,	-1.27444,	29.1967,	79
167,	-9900015,	2.95409,	-5.57984,	1.6537,	391.467,	79
169,	-9900015,	9.10469,	3.64726,	3.0935,	174.789,	79
170,	9900015,	4.27935,	-7.29427,	2.69441,	3149.28,	79
170,	9900015,	4.27935,	-7.29427,	2.69441,	3149.28,	79
171,	9900015,	6.36006,	-4.97041,	2.36694,	458.218,	79
172,	-9900015,	12.7363,	5.83393,	-0.676249,	2176,	79
172,	-9900015,	12.7363,	5.83393,	-0.676249,	2176,	79
173,	9900015,	13.5108,	-4.08065,	0.445675,	399.923,	79
174,	9900015,	4.47728,	1.49755,	-2.08426,	10.5091,	79
175,	-9900015,	5.55597,	6.20121,	-1.10492,	1370.51,	79
176,	9900015,	3.8647,	4.58677,	-1.11082,	189.732,	79
177,	9900015,	17.8781,	3.48911,	1.14724,	293.089,	79
178,	-9900015,	18.5793,	-4.03952,	-2.20534,	527.809,	79
178,	-9900015,	18.5793,	-4.03952,	-2.20534,	527.809,	79
179,	9900015,	14.0596,	5.23197,	-1.01948,	1315.75,	79
180,	-9900015,	5.98619,	-3.97884,	1.34999,	160.051,	79
181,	-9900015,	11.671,	2.13407,	1.01702,	49.9959,	79
182,	9900015,	13.5544,	5.09966,	1.74959,	1111.27,	79
183,	9900015,	9.23445,	5.71331,	-0.852158,	1398.45,	79
184,	9900015,	41.6055,	2.44345,	-0.916282,	241.302,	79
185,	9900015,	4.41357,	-3.88774,	0.753342,	107.737,	79
185,	9900015,	4.35469,	-3.90121,	0.747417,	107.74,	79
186,	9900015,	37.2504,	5.05155,	2.18412,	2910.57,	79
187,	9900015,	10.4546,	-3.53897,	-1.13623,	180.136,	79
188,	9900015,	4.81772,	-4.94306,	-0.646956,	337.735,	79
188,	9900015,	4.81772,	-4.94306,	-0.646956,	337.735,	79
189,	9900015,	13.7218,	4.98832,	-1.98195,	1006.47,	79
189,	9900015,	13.7212,	4.98836,	-1.98196,	1006.47,	79
190,	9900015,	9.46557,	2.9885,	-2.0016,	94.2118,	79
191,	-9900015,	33.6446,	2.86816,	-1.68821,	297.105,	79
192,	9900015,	21.676,	-1.11537,	-2.89303,	36.616,	79
193,	9900015,	6.06247,	-6.83307,	2.80668,	2813.09,	79
193,	9900015,	6.04097,	-6.83663,	2.80913,	2813.13,	79
193,	9900015,	6.04097,	-6.83663,	2.80913,	2813.13,	79
194,	-9900015,	2.45645,	7.56956,	-0.1142,	2380.65,	79
195,	-9900015,	17.0471,	3.3838,	-2.1906,	251.585,	79
196,	-9900015,	16.3603,	3.75288,	-1.91004,	349.026,	79
197,	9900015,	7.49484,	5.29236,	1.63779,	745.052,	79
198,	-9900015,	8.77045,	-2.88021,	-1.50121,	78.3818,	79
199,	-9900015,	4.2938,	6.23354,	-0.407142,	1093.97,	79
200,	9900015,	11.7069,	4.26906,	-3.0066,	418.339,	79
201,	-9900015,	3.9169,	-2.38398,	1.45444,	21.4257,	79
202,	-9900015,	1.95161,	4.34883,	0.594744,	75.5279,	79
203,	-9900015,	5.81358,	-5.06361,	-0.0383296,	459.757,	79
204,	-9900015,	13.3397,	2.5118,	-0.422168,	82.7612,	79
205,	-9900015,	6.78263,	-3.95694,	-1.2559,	177.421,	79
205,	-9900015,	6.78183,	-3.95707,	-1.25579,	177.422,	79
205,	-9900015,	6.78183,	-3.95707,	-1.25579,	177.422,	79
206,	-9900015,	5.06583,	-3.77556,	-0.624313,	110.548,	79
207,	-9900015,	4.54357,	-4.80733,	-2.90988,	278.094,	79
208,	-9900015,	34.9159,	2.93042,	-1.65159,	328.016,	79
209,	-9900015,	1.6205,	4.80271,	-2.07414,	98.7276,	79
209,	-9900015,	1.6205,	4.80271,	-2.07414,	98.7276,	79
209,	-9900015,	1.62045,	4.80273,	-2.07415,	98.7272,	79
210,	9900015,	42.6426,	-1.63918,	-1.08837,	113.964,	79
211,	9900015,	5.37397,	4.85311,	-2.19448,	344.325,	79
212,	-9900015,	32.5362,	-2.80389,	1.73129,	269.55,	79
213,	9900015,	14.5132,	-3.1451,	-2.95853,	168.826,	79
214,	9900015,	17.4641,	3.31646,	1.21833,	240.995,	79
215,	-9900015,	2.98194,	5.44093,	1.37252,	343.91,	79
216,	9900015,	46.3483,	2.38809,	-2.59481,	254.555,	79
216,	9900015,	46.3483,	2.38809,	-2.59481,	254.555,	79
217,	-9900015,	9.19069,	3.76978,	-1.58945,	199.409,	79
218,	-9900015,	17.9636,	-4.9371,	0.0623596,	1251.82,	79
218,	-9900015,	17.9636,	-4.9371,	0.0623596,	1251.82,	79
219,	-9900015,	25.7553,	1.59858,	-1.53891,	66.2967,	79
220,	9900015,	5.73522,	6.88789,	1.41095,	2811.2,	79
221,	-9900015,	23.984,	0.359288,	1.98177,	25.5487,	79
222,	9900015,	70.8075,	-1.54563,	1.14174,	173.624,	79
223,	-9900015,	3.68072,	4.63259,	3.09393,	189.17,	79
224,	-9900015,	1.53199,	5.89027,	0.625336,	276.912,	79
225,	-9900015,	4.5043,	-6.1324,	3.00937,	1037.21,	79
226,	-9900015,	7.61492,	5.18039,	3.13846,	676.803,	79
227,	-9900015,	1.67898,	5.79616,	-1.38304,	276.223,	79
228,	-9900015,	5.52526,	3.00596,	-0.0306783,	55.9571,	79
229,	-9900015,	5.71017,	2.0424,	-2.50968,	22.3805,	79
230,	9900015,	3.89979,	-4.57051,	1.55679,	188.367,	79
230,	9900015,	3.89979,	-4.57051,	1.55679,	188.367,	79
230,	9900015,	3.89979,	-4.57051,	1.55679,	188.367,	79
231,	9900015,	2.25367,	4.96636,	-0.924064,	161.712,	79
232,	9900015,	15.146,	-3.18349,	1.56548,	183.056,	79
232,	9900015,	15.143,	-3.18366,	1.56548,	183.052,	79
233,	9900015,	2.83336,	-5.75163,	0.298002,	445.839,	79
233,	9900015,	2.83336,	-5.75163,	0.298,	445.839,	79
234,	-9900015,	3.25058,	-2.88996,	0.351295,	29.3335,	79
235,	-9900015,	130.5,	2.67578,	-2.56918,	952.161,	79
236,	9900015,	1.97529,	-6.5603,	-0.370034,	697.757,	79
237,	9900015,	24.4686,	3.54872,	-2.39206,	425.724,	79
237,	9900015,	24.4686,	3.54872,	-2.39206,	425.724,	79
238,	9900015,	2.12633,	5.41182,	-1.43791,	238.196,	79
239,	-9900015,	60.4729,	3.24954,	0.242966,	780.622,	79
240,	9900015,	7.49849,	6.34776,	1.82715,	2141.63,	79
241,	9900015,	41.3888,	-1.07878,	1.09145,	67.9005,	79
242,	9900015,	70.0864,	2.91625,	1.19248,	649.21,	79
242,	9900015,	70.0863,	2.91625,	1.19248,	649.209,	79
243,	9900015,	3.38085,	-5.60071,	2.83359,	457.465,	79
244,	9900015,	8.34148,	-3.99074,	2.0638,	225.692,	79
245,	-9900015,	4.45953,	-0.540042,	2.99792,	5.12579,	79
246,	9900015,	32.8478,	0.324583,	-1.42417,	34.5933,	79
247,	9900015,	51.2926,	-1.56754,	-0.141135,	128.319,	79
248,	-9900015,	20.7315,	-2.41272,	-2.77771,	116.654,	79
249,	9900015,	7.52883,	4.80131,	-2.0902,	458.046,	79
249,	9900015,	7.52883,	4.80131,	-2.0902,	458.046,	79
250,	9900015,	11.0676,	2.03323,	3.12539,	42.9955,	79
251,	9900015,	24.7331,	-3.58892,	-2.80193,	447.951,	79
252,	9900015,	35.5316,	1.36535,	-2.54275,	74.1256,	79
253,	-9900015,	5.61563,	2.91337,	-0.233073,	51.8687,	79
254,	-9900015,	13.302,	-0.940884,	2.68573,	19.6373,	79
255,	9900015,	1.14867,	6.50887,	2.16532,	385.416,	79
256,	-9900015,	6.73655,	-5.67836,	-0.376581,	985.131,	79
256,	-9900015,	6.72924,	-5.67942,	-0.375984,	985.102,	79
257,	9900015,	5.63125,	3.9265,	1.88048,	142.889,	79
257,	9900015,	5.63125,	3.9265,	1.88048,	142.889,	79
257,	9900015,	5.63125,	3.9265,	1.88048,	142.889,	79
258,	9900015,	17.8084,	4.54938,	0.580284,	842.195,	79
259,	9900015,	3.57165,	-4.5033,	-3.0602,	161.306,	79
260,	-9900015,	5.43127,	1.90827,	-2.50423,	18.71,	79
261,	9900015,	2.61999,	7.56402,	-0.739956,	2525.12,	79
262,	9900015,	19.1507,	-4.19029,	0.951336,	632.516,	79
263,	-9900015,	11.9973,	-2.79095,	2.10953,	98.1255,	79
263,	-9900015,	11.9973,	-2.79095,	2.10953,	98.1255,	79
264,	-9900015,	17.6269,	-2.57468,	-2.93434,	116.366,	79
265,	9900015,	19.137,	1.58245,	-2.41139,	48.5345,	79
266,	-9900015,	6.8153,	4.72825,	-1.40078,	385.428,	79
267,	9900015,	2.75125,	5.58597,	1.20193,	366.827,	79
268,	-9900015,	4.11557,	4.43516,	1.28243,	173.631,	79
269,	-9900015,	19.6546,	-2.09615,	1.88815,	81.1513,	79
269,	-9900015,	19.654,	-2.0962,	1.88816,	81.152,	79
270,	9900015,	12.398,	-3.31047,	-2.7181,	170.066,	79
270,	9900015,	12.398,	-3.31047,	-2.7181,	170.066,	79
271,	9900015,	4.73846,	-6.73905,	3.11992,	2001.43,	79
271,	9900015,	4.73741,	-6.73928,	3.11987,	2001.44,	79
272,	-9900015,	133.952,	-0.460479,	2.15491,	148.407,	79
273,	9900015,	1.88067,	2.92421,	0.767234,	17.5591,	79
273,	9900015,	1.88067,	2.92421,	0.767234,	17.5591,	79
274,	9900015,	7.34359,	-2.80489,	0.878367,	60.8998,	79
275,	9900015,	7.55773,	4.22435,	-3.01101,	258.264,	79
275,	9900015,	7.55773,	4.22435,	-3.01101,	258.264,	79
275,	9900015,	7.55773,	4.22435,	-3.01101,	258.264,	79
276,	9900015,	10.0627,	-4.40931,	-0.499221,	413.704,	79
277,	9900015,	17.2214,	1.07975,	2.34997,	28.2742,	79
277,	9900015,	17.2214,	1.07975,	2.34997,	28.2742,	79
278,	-9900015,	15.3462,	2.46244,	-1.56979,	90.6856,	79
279,	9900015,	5.81122,	3.13199,	-2.59469,	66.7223,	79
280,	9900015,	47.4909,	2.57547,	-1.92817,	313.764,	79
281,	9900015,	10.2916,	3.99547,	0.77085,	279.776,	79
282,	-9900015,	2.21628,	4.77483,	1.65836,	131.313,	79
283,	9900015,	64.1283,	4.14274,	2.4768,	2019.75,	79
284,	-9900015,	36.745,	2.86848,	1.27734,	324.586,	79
285,	-9900015,	4.1707,	2.85473,	0.915309,	36.3422,	79
286,	9900015,	10.0268,	2.58005,	0.336433,	66.5458,	79
287,	9900015,	0.917156,	-6.89887,	0.298996,	454.524,	79
288,	9900015,	7.05947,	-6.12658,	2.63345,	1616.16,	79
289,	-9900015,	17.5798,	-1.77662,	-0.146843,	53.4342,	79
290,	-9900015,	4.16002,	5.07083,	0.434685,	331.372,	79
291,	-9900015,	11.1365,	-4.56754,	-1.89067,	536.32,	79
292,	9900015,	3.18734,	4.78757,	-0.352586,	191.27,	79
293,	-9900015,	12.6342,	-2.27108,	-0.789496,	61.8637,	79
293,	-9900015,	12.6342,	-2.27108,	-0.789496,	61.8637,	79
294,	9900015,	42.3827,	-3.31258,	0.437932,	582.596,	79
295,	9900015,	57.9263,	1.84586,	-2.22401,	188.012,	79
296,	9900015,	2.552,	4.59954,	-2.37249,	126.897,	79
297,	-9900015,	1.17361,	-7.55781,	-2.02533,	1124.11,	79
298,	9900015,	7.2015,	5.77723,	-3.13727,	1162.56,	79
298,	9900015,	7.2015,	5.77723,	-3.13727,	1162.56,	79
299,	9900015,	5.15239,	-6.43871,	-0.184421,	1611.67,	79
299,	9900015,	5.15239,	-6.43871,	-0.184421,	1611.67,	79
299,	9900015,	5.15239,	-6.43871,	-0.184421,	1611.67,	79
300,	-9900015,	4.66308,	-6.02733,	-2.14029,	966.674,	79
301,	9900015,	20.504,	-1.19042,	-1.51282,	36.8308,	79
301,	9900015,	20.504,	-1.19042,	-1.51282,	36.8308,	79
302,	9900015,	7.8833,	5.28226,	-1.87393,	775.79,	79
302,	9900015,	7.88143,	5.28265,	-1.87391,	775.913,	79
302,	9900015,	7.88143,	5.28265,	-1.87391,	775.913,	79
303,	9900015,	17.1994,	-4.19227,	-0.28811,	569.196,	79
303,	9900015,	17.1994,	-4.19227,	-0.28811,	569.196,	79
304,	-9900015,	12.1965,	3.63932,	-2.15802,	232.295,	79
304,	-9900015,	12.1975,	3.63925,	-2.15804,	232.298,	79
305,	-9900015,	4.63181,	6.3312,	-3.02897,	1301.14,	79
306,	9900015,	28.7879,	-1.42269,	0.581138,	63.1799,	79
307,	9900015,	6.88788,	4.18319,	0.0475277,	225.887,	79
308,	9900015,	1.93175,	5.78852,	0.204597,	315.388,	79
309,	9900015,	16.1265,	-2.71493,	0.615648,	122.318,	79
310,	-9900015,	4.2493,	-5.10464,	2.15267,	350.122,	79
311,	9900015,	56.7933,	-0.262154,	1.04958,	58.756,	79
312,	-9900015,	27.2677,	-1.92243,	-0.378297,	95.2162,	79
313,	9900015,	4.86191,	-6.50048,	0.30535,	1617.71,	79
314,	-9900015,	1.51566,	-4.04249,	-2.02871,	43.1852,	79
315,	9900015,	9.66285,	3.46573,	-2.75577,	154.756,	79
316,	9900015,	14.6254,	2.75504,	1.20913,	115.433,	79
316,	9900015,	14.6253,	2.75505,	1.20907,	115.433,	79
317,	9900015,	1.055,	-8.02842,	-1.62795,	1617.79,	79
318,	9900015,	1.09777,	-2.79062,	-0.396577,	8.97566,	79
319,	9900015,	10.3445,	-1.86578,	0.102998,	34.2181,	79
320,	-9900015,	15.9197,	3.65068,	-3.08777,	306.669,	79
320,	-9900015,	15.9197,	3.65068,	-3.08777,	306.669,	79
321,	9900015,	11.7975,	-3.52978,	-2.84715,	201.418,	79
322,	9900015,	49.5725,	1.28394,	0.41064,	96.3635,	79
322,	9900015,	49.5555,	1.28405,	0.410466,	96.3393,	79
322,	9900015,	49.5553,	1.28405,	0.410463,	96.339,	79
323,	9900015,	10.9112,	-2.62356,	-1.03456,	75.5998,	79
324,	-9900015,	0.817118,	5.56234,	2.63368,	106.404,	79
325,	9900015,	72.4929,	0.571007,	-1.74448,	84.6356,	79
325,	9900015,	72.4929,	0.571007,	-1.74448,	84.6356,	79
326,	9900015,	3.03596,	-6.00226,	2.65481,	613.789,	79
326,	9900015,	2.92303,	-6.04062,	2.63497,	614.065,	79
326,	9900015,	2.923,	-6.04063,	2.63496,	614.065,	79
327,	9900015,	1.85466,	-7.57935,	2.03826,	1815.12,	79
328,	-9900015,	53.0201,	1.65594,	2.04597,	143.92,	79
328,	-9900015,	53.0201,	1.65594,	2.04597,	143.92,	79
328,	-9900015,	53.0201,	1.65594,	2.04597,	143.92,	79
329,	9900015,	61.1933,	1.07989,	0.617481,	100.479,	79
330,	9900015,	7.99502,	4.94703,	-1.51782,	562.701,	79
330,	9900015,	8.02958,	4.94202,	-1.51558,	562.311,	79
331,	9900015,	4.85587,	-4.71739,	-1.48957,	271.649,	79
331,	9900015,	4.85586,	-4.71739,	-1.48957,	271.649,	79
332,	9900015,	9.02582,	-5.09687,	-0.0875425,	737.934,	79
333,	9900015,	15.0975,	-4.43164,	-0.937322,	634.709,	79
334,	-9900015,	21.8185,	-1.85584,	0.189891,	71.4928,	79
335,	-9900015,	28.441,	-4.15115,	-1.15865,	903.329,	79
336,	9900015,	9.50974,	-5.38365,	2.98405,	1035.71,	79
336,	9900015,	9.5097,	-5.38366,	2.98407,	1035.71,	79
337,	9900015,	4.46316,	-4.95918,	1.92785,	317.965,	79
338,	9900015,	8.67005,	3.40573,	0.568931,	130.785,	79
339,	9900015,	23.1294,	-3.19569,	-1.26211,	282.966,	79
340,	9900015,	8.50363,	4.85014,	0.309233,	543.237,	79
340,	9900015,	8.50363,	4.85014,	0.309233,	543.237,	79
341,	-9900015,	2.10638,	5.41214,	-2.44276,	236.036,	79
342,	9900015,	0.935512,	7.97983,	-0.281835,	1366.51,	79
343,	-9900015,	61.7943,	-0.874675,	1.39192,	86.9783,	79
344,	9900015,	64.9073,	-2.85877,	-2.74573,	567.854,	79
344,	9900015,	64.9073,	-2.85877,	-2.74573,	567.854,	79
345,	-9900015,	19.848,	2.08813,	0.379866,	81.3141,	79
346,	9900015,	9.61604,	-4.33814,	-1.25767,	368.189,	79
347,	-9900015,	12.916,	-4.1977,	1.77537,	429.769,	79
348,	9900015,	10.5841,	4.17075,	-1.5703,	342.819,	79
348,	9900015,	10.5819,	4.17091,	-1.56987,	342.799,	79
349,	-9900015,	15.282,	3.21102,	-1.10544,	189.838,	79
350,	-9900015,	9.91924,	2.92852,	0.875731,	93.0094,	79
350,	-9900015,	9.91954,	2.92852,	0.875767,	93.0129,	79
351,	9900015,	93.8677,	1.8711,	-2.75457,	312.08,	79
352,	-9900015,	9.66938,	-4.72163,	1.66121,	543.229,	79
353,	9900015,	28.4769,	2.64245,	-0.518015,	201.03,	79
354,	9900015,	19.9059,	2.98147,	3.08729,	196.745,	79
355,	-9900015,	12.1051,	-2.69921,	0.548173,	90.3962,	79
355,	-9900015,	12.1051,	-2.69921,	0.548173,	90.3962,	79
355,	-9900015,	12.1051,	-2.69921,	0.548173,	90.3962,	79
356,	9900015,	14.0996,	-2.41899,	-0.689612,	79.8288,	79
356,	9900015,	14.1089,	-2.417,	-0.702306,	79.725,	79
356,	9900015,	14.1089,	-2.417,	-0.702306,	79.725,	79
357,	9900015,	0.930296,	-5.20194,	2.57921,	84.4848,	79
358,	9900015,	0.919043,	-6.46615,	2.96749,	295.475,	79
359,	9900015,	30.6803,	-3.43734,	-2.63824,	477.637,	79
360,	-9900015,	25.3662,	3.15514,	1.08999,	298.04,	79
360,	-9900015,	25.3662,	3.15514,	1.08999,	298.04,	79
361,	9900015,	8.39533,	2.32106,	-0.705697,	43.1713,	79
362,	-9900015,	4.44761,	-6.05882,	-1.49078,	951.511,	79
362,	-9900015,	4.44759,	-6.05882,	-1.49072,	951.504,	79
363,	9900015,	4.52592,	3.12014,	1.78782,	51.3551,	79
363,	9900015,	4.52592,	3.12014,	1.78782,	51.3551,	79
363,	9900015,	4.52592,	3.12014,	1.78782,	51.3551,	79
364,	9900015,	6.23349,	2.57109,	0.0768796,	41.0054,	79
365,	9900015,	6.6997,	5.76687,	-0.493588,	1070.41,	79
367,	-9900015,	9.57201,	5.15985,	0.48441,	833.455,	79
368,	-9900015,	17.5584,	3.90749,	-1.56038,	437.153,	79
368,	-9900015,	17.5584,	3.90749,	-1.56038,	437.153,	79
369,	-9900015,	16.7393,	4.99547,	-2.54756,	1236.61,	79
370,	9900015,	4.58026,	5.33163,	-2.95641,	473.552,	79
370,	9900015,	4.58027,	5.33163,	-2.95635,	473.554,	79
371,	-9900015,	72.7096,	-0.722055,	0.936256,	92.5016,	79
372,	-9900015,	39.2338,	-0.458886,	2.65256,	43.4377,	79
373,	-9900015,	13.9942,	5.19144,	-0.127626,	1257.61,	79
374,	-9900015,	3.43804,	7.08198,	-1.05848,	2046.2,	79
375,	9900015,	10.328,	5.5109,	1.4761,	1277.46,	79
376,	9900015,	13.5514,	6.27253,	1.84815,	3589.89,	79
377,	9900015,	4.90231,	-3.89397,	2.27783,	120.415,	79
378,	9900015,	2.8225,	-5.434,	1.13961,	323.272,	79
379,	9900015,	9.44364,	4.36586,	1.18309,	371.75,	79
380,	-9900015,	9.7588,	-1.10506,	-0.660219,	16.3489,	79
380,	-9900015,	9.75793,	-1.10686,	-0.66173,	16.371,	79
381,	-9900015,	12.0476,	2.60838,	-2.66478,	82.2289,	79
382,	-9900015,	14.2582,	-2.89674,	1.32317,	129.537,	79
383,	9900015,	4.43254,	4.83181,	3.05179,	278.023,	79
384,	-9900015,	10.1538,	-4.07859,	-2.13291,	299.94,	79
385,	9900015,	25.4818,	-1.78701,	0.183354,	78.2169,	79
386,	-9900015,	16.5005,	-5.3412,	1.20329,	1722.39,	79
387,	9900015,	7.64897,	4.37171,	-0.990635,	302.868,	79
387,	9900015,	7.64897,	4.37171,	-0.990635,	302.868,	79
387,	9900015,	7.64897,	4.37171,	-0.990635,	302.868,	79
388,	-9900015,	3.22814,	6.01922,	1.37657,	663.803,	79
389,	9900015,	11.2099,	5.41895,	-2.31793,	1264.74,	79
390,	9900015,	4.3307,	5.83685,	0.459107,	742.071,	79
390,	9900015,	4.32221,	5.83883,	0.458711,	742.078,	79
391,	-9900015,	2.48528,	-5.55073,	0.0165134,	319.893,	79
392,	9900015,	4.36503,	-6.00272,	2.17318,	882.888,	79
393,	9900015,	10.4504,	-6.05499,	1.7018,	2227.17,	79
393,	9900015,	10.4503,	-6.05499,	1.70179,	2227.16,	79
393,	9900015,	10.4503,	-6.05499,	1.70179,	2227.16,	79
394,	-9900015,	9.94515,	-3.92442,	1.26202,	251.828,	79
395,	9900015,	13.3581,	1.8483,	2.79699,	43.4574,	79
396,	-9900015,	34.3542,	-0.622007,	-0.85348,	41.2169,	79
397,	9900015,	8.18572,	-6.33668,	-2.375,	2312.14,	79
398,	-9900015,	4.31227,	-4.98856,	2.28352,	316.372,	79
399,	9900015,	8.22682,	2.60861,	-2.2073,	56.1638,	79
399,	9900015,	8.22675,	2.60858,	-2.20696,	56.1614,	79
400,	9900015,	1.44975,	6.6979,	0.465759,	587.658,	79
401,	9900015,	5.1934,	-4.15615,	-0.168548,	165.777,	79
402,	9900015,	25.6502,	3.77835,	-1.14084,	561.314,	79
402,	9900015,	25.6502,	3.77835,	-1.14084,	561.314,	79
403,	-9900015,	4.40685,	6.36271,	1.62802,	1277.59,	79
404,	9900015,	2.06101,	6.99375,	-2.08996,	1123.05,	79
405,	9900015,	9.85767,	5.94737,	-1.78599,	1886.51,	79
405,	9900015,	9.85445,	5.94779,	-1.78646,	1886.68,	79
406,	9900015,	138.259,	1.03776,	2.00436,	219.633,	79
407,	-9900015,	12.9833,	5.51467,	2.28245,	1611.95,	79
408,	-9900015,	15.1019,	-3.81292,	1.19081,	342.091,	79
409,	9900015,	18.4074,	3.6431,	-0.937564,	351.916,	79
409,	9900015,	18.4072,	3.64311,	-0.937571,	351.914,	79
410,	9900015,	18.5955,	2.41784,	2.48458,	105.164,	79
411,	9900015,	71.7522,	1.24399,	-2.79006,	134.81,	79
412,	9900015,	7.25525,	5.68137,	0.173692,	1064.18,	79
413,	-9900015,	7.67523,	-2.27781,	-0.671565,	37.8303,	79
414,	-9900015,	42.0541,	-1.38663,	-0.613855,	89.3911,	79
414,	-9900015,	42.0541,	-1.38663,	-0.613855,	89.3911,	79
415,	9900015,	7.04561,	2.07157,	0.837804,	28.4052,	79
415,	9900015,	7.04559,	2.07157,	0.837803,	28.4052,	79
416,	9900015,	16.4617,	3.79229,	-0.453631,	365.286,	79
417,	-9900015,	7.3755,	-3.24936,	2.55587,	95.1908,	79
418,	-9900015,	29.4393,	-5.09825,	2.88775,	2410.21,	79
419,	9900015,	4.41397,	-3.69977,	-0.715701,	89.3005,	79
420,	9900015,	51.5485,	-0.862788,	2.46295,	71.9551,	79
420,	9900015,	51.5507,	-0.862752,	2.46299,	71.9564,	79
421,	9900015,	9.2755,	5.43652,	-1.47034,	1065.04,	79
422,	-9900015,	18.1509,	-2.11781,	-1.14367,	76.5348,	79
423,	-9900015,	3.79367,	-4.64281,	-3.13829,	196.978,	79
423,	-9900015,	3.79367,	-4.64281,	-3.13829,	196.978,	79
424,	9900015,	7.55413,	-6.10004,	-1.56803,	1684.11,	79
424,	9900015,	7.55413,	-6.10004,	-1.56803,	1684.11,	79
424,	9900015,	7.55413,	-6.10004,	-1.56803,	1684.11,	79
425,	9900015,	11.0277,	-3.13544,	1.20588,	127.052,	79
426,	9900015,	19.6118,	-2.59054,	0.586746,	131.516,	79
427,	-9900015,	7.24207,	-1.64796,	1.23142,	19.513,	79
427,	-9900015,	7.24227,	-1.64793,	1.23137,	19.513,	79
428,	9900015,	45.4894,	3.23399,	-0.644559,	578.175,	79
428,	9900015,	45.4895,	3.23399,	-0.64456,	578.174,	79
428,	9900015,	45.4895,	3.23399,	-0.64456,	578.174,	79
429,	-9900015,	17.8141,	2.9002,	1.841,	162.399,	79
430,	9900015,	37.8212,	4.61432,	-2.60287,	1908.62,	79
431,	-9900015,	25.2056,	3.07373,	-0.684283,	273.086,	79
431,	-9900015,	25.2054,	3.07374,	-0.684284,	273.086,	79
432,	9900015,	12.6349,	3.09413,	1.69124,	139.699,	79
433,	9900015,	6.12111,	-6.72643,	2.50838,	2553.02,	79
434,	-9900015,	0.78688,	8.35713,	-1.93576,	1676.23,	79
435,	-9900015,	14.1111,	4.41639,	-2.40726,	584.261,	79
436,	-9900015,	18.4683,	4.56024,	1.80673,	882.936,	79
437,	-9900015,	10.2826,	-3.33572,	2.91187,	144.646,	79
438,	9900015,	12.4481,	6.09705,	2.09239,	2766.89,	79
439,	9900015,	4.02672,	6.01139,	-2.34771,	821.554,	79
440,	-9900015,	40.1327,	-0.435045,	-0.345602,	43.9908,	79
441,	9900015,	13.0079,	0.999089,	2.18152,	20.0584,	79
441,	9900015,	13.0079,	0.999089,	2.18152,	20.0584,	79
442,	9900015,	13.686,	4.04048,	1.95525,	389.168,	79
443,	9900015,	4.91652,	-4.37674,	2.592,	195.655,	79
443,	9900015,	4.90715,	-4.37861,	2.59264,	195.648,	79
444,	-9900015,	7.85484,	-6.32298,	1.1638,	2188.48,	79
445,	-9900015,	9.40722,	-4.31882,	1.62887,	353.304,	79
445,	-9900015,	9.40718,	-4.31882,	1.62888,	353.304,	79
446,	9900015,	12.1283,	-5.18668,	-1.54455,	1084.76,	79
447,	-9900015,	4.11428,	-2.22747,	2.45996,	19.3046,	79
448,	9900015,	19.6885,	-3.6958,	2.5943,	396.749,	79
449,	9900015,	25.2807,	4.12941,	-1.09588,	785.688,	79
450,	9900015,	26.3204,	-1.69595,	-2.5116,	74.1609,	79
451,	9900015,	27.8969,	-4.25771,	-2.60914,	985.632,	79
452,	9900015,	2.47584,	4.31606,	-1.76828,	92.7284,	79
452,	9900015,	2.47584,	4.31606,	-1.76828,	92.7284,	79
453,	-9900015,	7.54599,	5.59424,	-0.278935,	1014.47,	79
454,	9900015,	7.29784,	-6.61176,	-2.82018,	2714.03,	79
454,	9900015,	7.29784,	-6.61176,	-2.82018,	2714.03,	79
455,	-9900015,	24.8873,	3.13275,	1.57413,	285.963,	79
456,	9900015,	13.6132,	-5.6423,	-2.87741,	1920.23,	79
456,	9900015,	13.6132,	-5.6423,	-2.87741,	1920.23,	79
457,	-9900015,	4.16523,	-5.97221,	-1.36216,	817.166,	79
457,	-9900015,	4.16523,	-5.97221,	-1.36216,	817.166,	79
458,	9900015,	3.89103,	4.63389,	-0.850417,	200.239,	79
459,	-9900015,	22.7084,	-2.88566,	0.934345,	204.048,	79
459,	-9900015,	22.7084,	-2.88566,	0.934345,	204.048,	79
460,	-9900015,	14.918,	-2.21638,	-0.741162,	69.2426,	79
460,	-9900015,	14.918,	-2.21638,	-0.741162,	69.2426,	79
461,	9900015,	2.43751,	-5.90467,	2.81208,	446.978,	79
463,	-9900015,	29.6908,	-4.98135,	-3.01326,	2162.63,	79
463,	-9900015,	29.6908,	-4.98135,	-3.01326,	2162.63,	79
464,	9900015,	12.9876,	5.28584,	0.230999,	1282.69,	79
465,	-9900015,	4.52837,	-4.78485,	1.65239,	271.003,	79
466,	9900015,	17.5754,	3.29699,	-0.469143,	237.866,	79
467,	-9900015,	2.47125,	5.99391,	-1.34526,	495.461,	79
468,	9900015,	30.5679,	3.59098,	-2.88309,	554.765,	79
469,	9900015,	11.0457,	4.23137,	-0.0823742,	380.115,	79
470,	-9900015,	4.9569,	-4.06024,	0.792648,	143.764,	79
471,	-9900015,	37.973,	1.82617,	0.160103,	120.965,	79
472,	-9900015,	2.06793,	7.01052,	0.429398,	1145.88,	79
472,	-9900015,	2.06793,	7.01052,	0.429398,	1145.88,	79
473,	-9900015,	6.2048,	6.21984,	0.822267,	1559.35,	79
474,	9900015,	6.42833,	5.01956,	-1.25926,	486.466,	79
475,	9900015,	38.8894,	2.17751,	-1.5881,	173.789,	79
476,	9900015,	10.4815,	6.39313,	1.89921,	3132.54,	79
477,	-9900015,	48.3293,	-1.37971,	-0.54199,	102.105,	79
478,	9900015,	19.2169,	-1.34594,	-0.959715,	39.4148,	79
479,	-9900015,	3.06002,	-4.59622,	-2.74869,	151.653,	79
480,	9900015,	10.9589,	-3.9788,	-0.178939,	292.995,	79
481,	9900015,	12.9386,	-5.08256,	0.307735,	1042.8,	79
481,	9900015,	12.9386,	-5.08256,	0.307735,	1042.8,	79
482,	-9900015,	38.6004,	-4.79882,	0.2709,	2342.57,	79
483,	9900015,	15.0392,	3.2003,	0.871843,	184.836,	79
484,	9900015,	6.77836,	-4.32107,	-1.43402,	255.147,	79
484,	9900015,	6.7782,	-4.32108,	-1.43417,	255.142,	79
485,	9900015,	2.93406,	7.38859,	2.86056,	2372.82,	79
486,	9900015,	2.5494,	-5.92093,	-0.706665,	475.158,	79
487,	-9900015,	9.86432,	5.99599,	0.0807868,	1981.83,	79
488,	9900015,	6.8863,	6.09841,	-1.17532,	1532.72,	79
489,	9900015,	4.76442,	5.89933,	2.75389,	869.023,	79
489,	9900015,	4.76442,	5.89933,	2.75389,	869.023,	79
490,	9900015,	24.5814,	-5.74622,	-2.34294,	3847.09,	79
491,	9900015,	15.8571,	4.69799,	3.01766,	870.039,	79
492,	9900015,	145.376,	-1.72656,	3.09916,	421.528,	79
493,	-9900015,	18.3019,	1.9461,	-2.7774,	65.3758,	79
494,	9900015,	6.31596,	-6.19204,	0.128283,	1543.76,	79
495,	9900015,	11.481,	-4.8552,	2.05028,	737.165,	79
496,	-9900015,	11.1411,	3.70037,	1.1732,	225.535,	79
497,	-9900015,	3.74814,	-7.09888,	-2.58389,	2268.78,	79
498,	9900015,	4.68374,	6.46583,	-1.99165,	1505.36,	79
499,	-9900015,	71.93,	-2.02321,	1.43509,	276.744,	79
500,	9900015,	3.4405,	4.40631,	-1.38355,	141.024,	79
501,	9900015,	13.6155,	-2.01873,	0.352819,	52.1582,	79
502,	9900015,	3.33025,	-7.07356,	-0.957594,	1965.43,	79
503,	9900015,	15.0421,	-0.760113,	-1.30642,	19.6008,	79
504,	9900015,	7.66338,	-4.43475,	0.648918,	323.175,	79
505,	9900015,	22.0109,	-3.37141,	-1.4577,	320.853,	79
505,	9900015,	22.0109,	-3.37141,	-1.4577,	320.853,	79
506,	9900015,	23.8735,	3.923,	1.97214,	603.662,	79
507,	9900015,	6.87499,	-4.08728,	1.05392,	204.855,	79
508,	9900015,	27.7297,	-1.1389,	2.98207,	47.7435,	79
509,	9900015,	27.534,	5.07297,	0.599625,	2197.95,	79
510,	-9900015,	17.8633,	-4.76625,	2.92278,	1049.34,	79
511,	9900015,	3.65603,	3.8908,	0.575033,	89.5186,	79
511,	9900015,	3.6604,	3.88971,	0.577299,	89.5281,	79
512,	9900015,	2.39808,	-6.32184,	-0.445785,	667.386,	79
513,	9900015,	14.4761,	2.70148,	2.60167,	108.345,	79
514,	-9900015,	4.58674,	7.28617,	1.65135,	3348.24,	79
515,	-9900015,	17.7235,	-2.44839,	-0.412759,	103.293,	79
515,	-9900015,	17.7235,	-2.44839,	-0.412759,	103.293,	79
515,	-9900015,	17.7235,	-2.44839,	-0.412759,	103.293,	79
516,	-9900015,	21.3357,	-4.82428,	-2.46025,	1328.2,	79
517,	9900015,	6.0485,	6.66104,	-1.80718,	2363.05,	79
517,	9900015,	6.0485,	6.66104,	-1.80718,	2363.05,	79
518,	-9900015,	53.9249,	0.262834,	-2.32448,	55.7982,	79
518,	-9900015,	53.9373,	0.262903,	-2.32434,	55.8121,	79
518,	-9900015,	53.9373,	0.262903,	-2.32434,	55.8121,	79
519,	9900015,	24.4415,	-4.49339,	0.737691,	1092.97,	79
520,	9900015,	7.92105,	-1.98341,	-1.91695,	29.3279,	79
520,	9900015,	7.9069,	-1.98498,	-1.9138,	29.3198,	79
521,	9900015,	8.04673,	-2.55177,	1.55971,	51.9326,	79
521,	9900015,	8.04521,	-2.55194,	1.55995,	51.9315,	79
521,	9900015,	8.0452,	-2.55194,	1.55995,	51.9315,	79
521,	9900015,	8.0452,	-2.55194,	1.55995,	51.9315,	79
522,	-9900015,	6.42814,	3.99961,	0.310856,	175.472,	79
523,	9900015,	5.26528,	2.98664,	-2.89152,	52.3091,	79
523,	9900015,	5.26528,	2.98664,	-2.89152,	52.3091,	79
524,	9900015,	23.4042,	-3.33216,	1.55209,	328.061,	79
525,	9900015,	56.5811,	-1.51641,	-1.97892,	135.097,	79
526,	-9900015,	19.9555,	-1.47778,	2.15388,	46.011,	79
527,	9900015,	11.625,	3.28805,	1.63741,	155.937,	79
527,	9900015,	11.6251,	3.28803,	1.63734,	155.935,	79
528,	-9900015,	18.8317,	3.73441,	2.75609,	394.402,	79
529,	9900015,	8.51563,	3.92641,	2.10936,	216.059,	79
530,	9900015,	11.4298,	-5.54599,	0.329315,	1464.23,	79
531,	-9900015,	21.5734,	3.86314,	0.431316,	513.831,	79
532,	-9900015,	1.83144,	-3.15031,	-3.101,	21.4151,	79
533,	9900015,	16.406,	-1.28581,	2.37161,	31.9428,	79
533,	9900015,	16.406,	-1.28581,	2.37161,	31.9428,	79
534,	-9900015,	14.5517,	-5.50889,	0.322486,	1796.27,	79
535,	9900015,	33.8731,	3.52409,	2.56933,	575.037,	79
536,	9900015,	67.0764,	-2.99929,	0.739885,	674.825,	79
537,	-9900015,	60.3345,	-1.0502,	0.220991,	96.7791,	79
537,	-9900015,	60.3345,	-1.0502,	0.220991,	96.7791,	79
538,	9900015,	31.9011,	2.90097,	-1.49733,	291.047,	79
539,	9900015,	2.55618,	6.27611,	-0.602711,	679.583,	79
540,	9900015,	1.20886,	-4.88189,	0.769636,	79.7161,	79
541,	-9900015,	18.3848,	-4.5865,	-0.335294,	902.324,	79
542,	9900015,	12.644,	2.71623,	0.681479,	96.0272,	79
542,	9900015,	12.644,	2.71624,	0.68148,	96.0272,	79
543,	9900015,	46.7992,	-2.26823,	2.76212,	228.516,	79
543,	9900015,	46.7992,	-2.26823,	2.76212,	228.516,	79
543,	9900015,	46.7992,	-2.26823,	2.76212,	228.516,	79
544,	9900015,	3.8481,	4.14312,	-1.07663,	121.244,	79
545,	-9900015,	10.7481,	4.25179,	0.730818,	377.503,	79
545,	-9900015,	10.7481,	4.25179,	0.730818,	377.503,	79
546,	-9900015,	22.1175,	-2.71992,	2.67321,	168.591,	79
547,	9900015,	4.97128,	0.712633,	2.67252,	6.28793,	79
548,	-9900015,	11.9351,	-5.5159,	-0.517319,	1483.63,	79
549,	9900015,	18.1374,	-2.49044,	0.784886,	110.18,	79
550,	9900015,	5.81538,	-4.05656,	1.22415,	168.043,	79
551,	-9900015,	16.5282,	-2.68925,	-0.52963,	122.214,	79
552,	-9900015,	35.4487,	-2.7173,	-2.79724,	269.505,	79
552,	-9900015,	35.4879,	-2.71572,	-2.7954,	269.382,	79
553,	-9900015,	3.99605,	-2.7321,	-2.02577,	30.8299,	79
554,	9900015,	1.46191,	5.83813,	-2.00702,	250.819,	79
555,	-9900015,	5.70518,	-6.99349,	1.45304,	3107.95,	79
555,	-9900015,	5.70308,	-6.99384,	1.45292,	3107.89,	79
556,	9900015,	5.52461,	5.76988,	0.89956,	885.327,	79
556,	9900015,	5.52418,	5.76996,	0.899463,	885.323,	79
557,	-9900015,	48.7975,	0.494672,	-1.67585,	54.8907,	79
558,	-9900015,	48.7452,	1.95375,	-0.0151626,	175.405,	79
559,	-9900015,	15.1298,	2.4753,	-1.58353,	90.5476,	79
559,	-9900015,	15.1298,	2.4753,	-1.58353,	90.5476,	79
560,	9900015,	31.7293,	0.718806,	-1.02871,	40.2854,	79
561,	9900015,	1.36822,	-7.06017,	-3.12668,	796.745,	79
562,	9900015,	4.4729,	5.31289,	-0.0474836,	453.869,	79
562,	9900015,	4.4729,	5.31289,	-0.0474836,	453.869,	79
563,	9900015,	11.5594,	2.09914,	-1.45707,	47.866,	79
564,	9900015,	13.8335,	0.890678,	-1.62556,	19.6931,	79
564,	9900015,	13.8335,	0.890681,	-1.62556,	19.6931,	79
565,	9900015,	15.5324,	4.42242,	1.57017,	647.003,	79
566,	9900015,	153.487,	1.33306,	-1.9619,	311.293,	79
567,	9900015,	5.2312,	4.59001,	1.01893,	257.651,	79
568,	9900015,	292.077,	0.215293,	1.26418,	298.872,	79
569,	9900015,	2.76956,	6.5843,	-0.600476,	1002.09,	79
570,	9900015,	19.3277,	2.8212,	-2.86357,	162.899,	79
571,	-9900015,	6.97792,	3.68422,	0.618147,	138.997,	79
571,	-9900015,	6.97793,	3.68422,	0.618147,	138.997,	79
571,	-9900015,	6.97793,	3.68422,	0.618147,	138.997,	79
572,	9900015,	12.4322,	3.40423,	1.83359,	187.255,	79
572,	9900015,	12.4322,	3.40423,	1.83359,	187.255,	79
573,	-9900015,	1.38801,	-5.65166,	-2.5055,	197.63,	79
574,	-9900015,	78.6785,	2.07609,	1.13647,	318.595,	79
575,	9900015,	3.0948,	-4.72924,	0.654054,	175.194,	79
575,	9900015,	3.07364,	-4.73604,	0.656332,	175.184,	79
575,	9900015,	3.07362,	-4.73605,	0.656334,	175.184,	79
576,	9900015,	8.94321,	2.9837,	2.48616,	88.589,	79
577,	9900015,	8.12952,	-4.86961,	1.88426,	529.55,	79
578,	-9900015,	52.5907,	3.20541,	-0.757845,	649.655,	79
579,	-9900015,	5.08915,	3.60707,	-2.59529,	93.8566,	79
580,	9900015,	6.72806,	6.29619,	-0.819796,	1824.99,	79
581,	9900015,	6.24867,	4.76627,	0.976211,	367.075,	79
582,	9900015,	11.6559,	1.75751,	-2.27625,	34.7955,	79
583,	9900015,	11.2911,	2.09174,	1.97806,	46.4202,	79
584,	9900015,	3.844,	3.33561,	1.73945,	54.0678,	79
585,	-9900015,	7.36973,	-1.82986,	-1.17273,	23.5589,	79
586,	9900015,	2.76038,	-5.15652,	1.27109,	239.553,	79
587,	-9900015,	20.4945,	4.21239,	3.02439,	692.027,	79
588,	9900015,	25.4843,	2.32149,	-2.25009,	131.104,	79
588,	9900015,	25.4843,	2.32149,	-2.25009,	131.104,	79
589,	-9900015,	9.52782,	5.32968,	-0.77859,	983.163,	79
590,	9900015,	6.64124,	6.02518,	-3.11163,	1373.8,	79
591,	9900015,	12.6075,	-5.336,	-1.39751,	1309.19,	79
592,	9900015,	4.39373,	-4.25437,	2.64547,	154.718,	79
592,	9900015,	4.39373,	-4.25437,	2.64547,	154.718,	79
593,	9900015,	37.574,	-4.62304,	1.48801,	1912.75,	79
593,	9900015,	37.574,	-4.62304,	1.48801,	1912.75,	79
594,	-9900015,	9.01096,	-3.79644,	-2.84834,	200.785,	79
595,	9900015,	13.1231,	-3.94561,	-1.81309,	339.411,	79
596,	9900015,	30.9588,	-3.65552,	-0.206328,	599.264,	79
597,	9900015,	1.53697,	6.06168,	-2.29817,	329.754,	79
597,	9900015,	1.57808,	6.03545,	-2.29407,	329.809,	79
598,	9900015,	26.7113,	-4.19705,	0.168936,	888.217,	79
599,	-9900015,	22.4452,	-5.42687,	-2.85846,	2552.47,	79
599,	-9900015,	22.4443,	-5.4269,	-2.85848,	2552.45,	79
600,	9900015,	7.95697,	6.13267,	-0.216442,	1832.76,	79
601,	9900015,	18.8167,	2.16126,	2.82908,	82.7678,	79
602,	9900015,	5.34662,	-4.18328,	-0.590054,	175.358,	79
603,	9900015,	18.6212,	-3.84244,	1.47878,	434.438,	79
603,	9900015,	18.6206,	-3.84248,	1.4788,	434.443,	79
604,	9900015,	27.097,	-3.03181,	0.132286,	281.578,	79
605,	-9900015,	125.073,	-0.579382,	-0.983762,	146.659,	79
606,	-9900015,	7.6861,	5.86881,	3.11172,	1359.79,	79
606,	-9900015,	7.6861,	5.86881,	3.11172,	1359.79,	79
607,	-9900015,	11.2304,	-6.05359,	-1.25978,	2390.06,	79
608,	-9900015,	20.0137,	-3.70232,	2.28955,	405.935,	79
609,	-9900015,	9.09268,	1.90274,	0.73397,	31.1577,	79
610,	9900015,	6.15612,	-3.32729,	0.363978,	85.8733,	79
610,	9900015,	6.15568,	-3.32733,	0.364138,	85.8712,	79
611,	-9900015,	5.43305,	-4.61594,	2.42431,	274.62,	79
612,	9900015,	10.5788,	5.25963,	1.97356,	1017.76,	79
613,	9900015,	4.54767,	5.30937,	2.44433,	459.831,	79
614,	9900015,	7.27012,	3.2035,	-0.51779,	89.6374,	79
615,	-9900015,	16.4162,	2.81034,	-2.37405,	136.877,	79
616,	-9900015,	11.9156,	5.38122,	-2.9018,	1294.58,	79
617,	-9900015,	20.9556,	-2.41965,	1.92138,	118.723,	79
617,	-9900015,	20.9556,	-2.41965,	1.92138,	118.723,	79
618,	-9900015,	32.3387,	1.04296,	0.373852,	51.5805,	79
618,	-9900015,	32.2392,	1.04491,	0.373337,	51.4999,	79
619,	9900015,	8.55845,	-4.97194,	0.56045,	617.549,	79
620,	9900015,	4.23345,	5.90482,	2.53298,	776.421,	79
620,	9900015,	4.23345,	5.90482,	2.53298,	776.421,	79
621,	9900015,	14.2919,	-3.90644,	0.677853,	355.454,	79
622,	9900015,	38.0681,	3.87228,	1.44324,	915.018,	79
622,	9900015,	38.0681,	3.87228,	1.44324,	915.018,	79
623,	9900015,	14.1456,	-3.72381,	-2.2489,	293.138,	79
624,	9900015,	16.8864,	3.08803,	1.03214,	185.577,	79
625,	9900015,	2.61323,	3.93969,	1.1552,	67.1886,	79
626,	-9900015,	65.3321,	-2.75997,	-2.8379,	518.171,	79
627,	-9900015,	21.9607,	3.44579,	-2.97225,	344.784,	79
627,	-9900015,	21.9607,	3.44579,	-2.97225,	344.784,	79
628,	9900015,	4.90476,	-3.3177,	2.50992,	67.7665,	79
629,	-9900015,	14.3509,	2.39866,	-0.341829,	79.6421,	79
630,	9900015,	14.4214,	4.8001,	-1.02697,	876.324,	79
631,	-9900015,	16.6894,	-1.97878,	-1.1936,	61.5183,	79
632,	-9900015,	46.8812,	-2.05681,	0.238976,	186.326,	79
633,	-9900015,	6.15659,	1.58079,	-0.126897,	15.5903,	79
634,	9900015,	8.36448,	-2.92846,	-1.89481,	78.4267,	79
634,	9900015,	8.36502,	-2.92839,	-1.89484,	78.4259,	79
635,	-9900015,	59.2372,	1.26328,	0.133565,	113.135,	79
635,	-9900015,	59.238,	1.26327,	0.133551,	113.135,	79
636,	-9900015,	9.14354,	-2.61233,	-2.21737,	62.6524,	79
637,	-9900015,	38.6635,	-2.35618,	0.552417,	205.793,	79
638,	-9900015,	7.35761,	-3.90708,	-2.35432,	183.107,	79
638,	-9900015,	7.35761,	-3.90708,	-2.35432,	183.107,	79
639,	9900015,	2.22478,	-6.01859,	0.558852,	457.196,	79
640,	-9900015,	9.1456,	-2.87436,	2.14717,	81.261,	79
641,	-9900015,	3.88877,	-4.99332,	-2.56733,	286.663,	79
641,	-9900015,	3.87598,	-4.99676,	-2.56186,	286.705,	79
642,	-9900015,	7.73742,	3.23305,	-3.11308,	98.2514,	79
643,	9900015,	3.09683,	-2.40298,	0.263302,	17.2594,	79
643,	9900015,	3.09683,	-2.40298,	0.263302,	17.2594,	79
644,	9900015,	4.49645,	3.54215,	-1.89053,	77.7211,	79
646,	-9900015,	3.7793,	7.38479,	0.0225793,	3044.77,	79
647,	9900015,	10.6856,	-4.90582,	-2.93622,	721.714,	79
648,	-9900015,	2.82624,	6.38249,	2.15006,	835.715,	79
649,	-9900015,	6.92459,	-4.65412,	1.01581,	363.631,	79
650,	9900015,	10.6483,	4.06673,	-2.30267,	310.838,	79
651,	9900015,	8.34625,	2.06101,	-2.74721,	33.3067,	79
651,	9900015,	8.34625,	2.06101,	-2.74721,	33.3067,	79
652,	9900015,	57.2634,	1.37587,	0.608645,	120.573,	79
653,	-9900015,	1.17711,	3.71584,	3.11748,	24.1998,	79
654,	9900015,	11.4529,	3.64527,	1.99585,	219.434,	79
654,	9900015,	11.4529,	3.64527,	1.99585,	219.434,	79
655,	9900015,	3.17749,	6.57467,	-0.550312,	1138.68,	79
656,	9900015,	20.6419,	-3.34951,	-0.850303,	294.394,	79
656,	9900015,	20.6419,	-3.34951,	-0.850303,	294.394,	79
657,	-9900015,	40.8556,	2.74271,	2.29014,	318.539,	79
658,	-9900015,	4.91474,	4.61274,	1.32504,	247.629,	79
659,	-9900015,	3.43837,	4.46029,	0.704734,	148.751,	79
659,	-9900015,	3.43836,	4.46029,	0.704734,	148.751,	79
660,	-9900015,	9.02897,	-5.47103,	0.840547,	1073.13,	79
660,	-9900015,	9.02897,	-5.47103,	0.840547,	1073.13,	79
661,	-9900015,	6.27337,	6.25515,	0.292018,	1633.24,	79
662,	9900015,	39.1445,	-2.58905,	-2.33073,	262.116,	79
663,	9900015,	1.49899,	-4.30837,	0.0989364,	55.712,	79
664,	9900015,	1.6595,	7.22733,	2.44892,	1142.18,	79
665,	9900015,	7.17927,	5.19718,	1.02482,	648.887,	79
665,	9900015,	7.17928,	5.19718,	1.02482,	648.887,	79
666,	9900015,	1.76632,	-6.71882,	-2.06304,	731.119,	79
667,	-9900015,	2.61133,	6.14605,	-2.84154,	609.576,	79
668,	9900015,	5.24905,	-3.43634,	-2.60233,	81.6365,	79
669,	9900015,	13.7261,	5.79702,	0.108022,	2260.14,	79
670,	9900015,	71.0816,	0.180356,	1.35819,	72.2408,	79
671,	-9900015,	12.9844,	5.25213,	2.03274,	1239.86,	79
672,	9900015,	49.5933,	2.10302,	-0.13003,	206.133,	79
672,	9900015,	49.5933,	2.10302,	-0.13003,	206.133,	79
672,	9900015,	49.5933,	2.10302,	-0.130029,	206.133,	79
673,	9900015,	2.54746,	-7.76139,	-1.85666,	2990.93,	79
674,	9900015,	10.6699,	3.65695,	0.0056778,	206.829,	79
675,	-9900015,	34.2834,	0.479553,	-1.4985,	38.3016,	79
676,	9900015,	3.3311,	7.05983,	0.842616,	1939.12,	79
677,	-9900015,	13.5976,	-2.25006,	-1.68968,	65.2257,	79
678,	-9900015,	15.9665,	-3.58715,	1.00308,	288.664,	79
679,	9900015,	28.0117,	-1.36782,	-2.58872,	58.5646,	79
679,	9900015,	28.0117,	-1.36782,	-2.58872,	58.5646,	79
679,	9900015,	28.0117,	-1.36782,	-2.58872,	58.5646,	79
680,	-9900015,	90.448,	-0.637714,	2.37811,	109.471,	79
681,	9900015,	4.79776,	6.50988,	-0.960252,	1611.44,	79
682,	9900015,	7.09015,	-2.47885,	1.34194,	42.5813,	79
683,	-9900015,	6.42438,	-6.19369,	-1.27801,	1572.85,	79
684,	9900015,	55.8143,	2.61003,	2.75189,	381.575,	79
685,	-9900015,	0.959836,	-3.24426,	-0.309706,	12.3251,	79
686,	-9900015,	39.5818,	1.8426,	-1.92967,	128.073,	79
687,	-9900015,	10.7273,	4.34164,	0.575639,	412.176,	79
688,	9900015,	14.221,	-2.22861,	-2.79511,	66.8005,	79
689,	9900015,	5.59115,	-6.22542,	-2.70413,	1412.99,	79
690,	-9900015,	47.7355,	-2.52602,	-2.26957,	300.341,	79
690,	-9900015,	47.7355,	-2.52602,	-2.26957,	300.341,	79
691,	9900015,	12.3073,	2.92488,	-2.93757,	114.985,	79
692,	-9900015,	3.4044,	4.69815,	0.657103,	186.821,	79
693,	9900015,	0.943733,	6.9793,	0.175914,	506.863,	79
694,	9900015,	6.21353,	-4.53289,	-1.65131,	289.048,	79
694,	9900015,	6.21353,	-4.53289,	-1.65131,	289.048,	79
695,	-9900015,	8.9801,	-0.500039,	0.682035,	10.1264,	79
696,	-9900015,	13.39,	-2.83718,	-2.10632,	114.659,	79
697,	9900015,	8.09268,	4.23795,	2.34822,	280.331,	79
698,	9900015,	11.224,	4.16383,	2.875,	361.036,	79
699,	9900015,	20.5757,	-3.49262,	2.38196,	338.493,	79
699,	9900015,	20.5757,	-3.49262,	2.38196,	338.493,	79
700,	9900015,	13.123,	-5.07055,	-2.52983,	1045.04,	79
700,	9900015,	13.123,	-5.07056,	-2.52983,	1045.04,	79
701,	9900015,	7.28973,	-5.63935,	-0.583067,	1025.24,	79
702,	-9900015,	6.27523,	2.13162,	-2.95134,	26.8177,	79
703,	9900015,	13.0051,	-5.48633,	0.946407,	1569.54,	79
704,	9900015,	7.64954,	6.2368,	-0.715058,	1955.31,	79
705,	9900015,	3.41828,	-3.80871,	-0.819324,	77.1069,	79
705,	9900015,	3.41828,	-3.80871,	-0.819324,	77.1069,	79
706,	9900015,	3.68793,	1.14245,	-2.56789,	6.36808,	79
707,	9900015,	25.4524,	4.55819,	0.324571,	1214.35,	79
707,	9900015,	25.4524,	4.55819,	0.324571,	1214.35,	79
708,	9900015,	2.98224,	6.92291,	-0.556115,	1513.89,	79
709,	9900015,	7.28628,	1.27138,	2.78419,	14.0123,	79
710,	9900015,	14.4916,	2.12347,	-0.319297,	61.4419,	79
710,	9900015,	14.4898,	2.12357,	-0.319304,	61.4405,	79
711,	-9900015,	5.4893,	6.44289,	-2.80812,	1724.24,	79
711,	-9900015,	5.48928,	6.44289,	-2.80812,	1724.24,	79
711,	-9900015,	5.48928,	6.44289,	-2.80812,	1724.24,	79
711,	-9900015,	5.48928,	6.44289,	-2.80812,	1724.24,	79
711,	-9900015,	5.48928,	6.44289,	-2.80812,	1724.24,	79
712,	-9900015,	5.71649,	-1.27146,	2.31355,	10.9941,	79
713,	9900015,	7.80431,	2.53982,	-1.85364,	49.7768,	79
713,	9900015,	7.80431,	2.53982,	-1.85364,	49.7768,	79
714,	9900015,	1.26419,	2.32842,	-1.08734,	6.54794,	79
715,	9900015,	2.95523,	4.49089,	0.404296,	131.821,	79
716,	9900015,	17.6985,	-2.51414,	-1.69092,	110.057,	79
716,	9900015,	17.6985,	-2.51414,	-1.69092,	110.057,	79
717,	9900015,	25.2525,	2.08839,	1.4103,	103.482,	79
718,	9900015,	10.2835,	-3.80906,	-2.54898,	232.047,	79
718,	9900015,	10.2845,	-3.80899,	-2.54918,	232.054,	79
718,	9900015,	10.2845,	-3.80899,	-2.54918,	232.054,	79
719,	9900015,	1.85615,	8.12617,	2.62613,	3138.58,	79
719,	9900015,	1.85615,	8.12617,	2.62613,	3138.58,	79
720,	9900015,	20.6952,	-3.34188,	1.63571,	292.915,	79
720,	9900015,	20.6952,	-3.34188,	1.63571,	292.915,	79
721,	9900015,	13.1744,	-4.39573,	-2.84016,	534.325,	79
722,	-9900015,	53.0011,	1.46811,	-0.827562,	121.144,	79
723,	9900015,	1.97991,	-6.1815,	-0.534034,	478.862,	79
724,	9900015,	2.26027,	-7.25126,	-1.64768,	1593.35,	79
725,	9900015,	48.5658,	-1.11664,	-1.26965,	82.1232,	79
726,	9900015,	60.1094,	-0.377307,	-3.12434,	64.439,	79
727,	-9900015,	7.06768,	2.26189,	2.13194,	34.2972,	79
727,	-9900015,	7.06761,	2.2619,	2.13194,	34.2972,	79
728,	9900015,	5.04428,	-4.68596,	1.19538,	273.459,	79
729,	9900015,	124.319,	3.2199,	-1.09775,	1558.07,	79
730,	-9900015,	7.54755,	-5.86818,	0.86762,	1334.43,	79
731,	9900015,	0.674772,	-6.94661,	-2.98898,	350.752,	79
732,	9900015,	3.54036,	-2.49963,	-2.17593,	21.7027,	79
733,	-9900015,	7.60167,	3.83451,	2.252,	175.95,	79
734,	-9900015,	1.17662,	5.69101,	0.887335,	174.255,	79
734,	-9900015,	1.17662,	5.69101,	0.887335,	174.255,	79
735,	9900015,	7.35911,	5.50198,	2.29848,	902.156,	79
735,	9900015,	7.35911,	5.50198,	2.29848,	902.156,	79
736,	9900015,	5.22796,	2.75738,	-1.5883,	41.3582,	79
736,	9900015,	5.22796,	2.75738,	-1.5883,	41.3582,	79
737,	9900015,	16.0219,	2.09675,	-0.86032,	66.1907,	79
738,	-9900015,	20.8419,	2.55225,	0.538818,	134.574,	79
739,	9900015,	24.3382,	-3.51931,	1.25655,	411.201,	79
740,	9900015,	70.413,	0.742831,	-3.10539,	90.7498,	79
740,	9900015,	70.413,	0.742831,	-3.10539,	90.7498,	79
740,	9900015,	70.413,	0.742831,	-3.10539,	90.7498,	79
741,	9900015,	13.1594,	-5.42397,	-2.38825,	1492.16,	79
742,	-9900015,	3.58298,	5.8792,	-0.246718,	640.503,	79
743,	9900015,	12.1703,	-5.56846,	1.14467,	1594.53,	79
744,	9900015,	30.9938,	2.92595,	0.114989,	289.879,	79
745,	9900015,	7.32791,	-6.07274,	-0.238089,	1589.68,	79
745,	9900015,	7.32791,	-6.07274,	-0.238089,	1589.68,	79
746,	9900015,	5.95299,	-5.64082,	0.186301,	838.472,	79
747,	9900015,	10.9647,	-2.32495,	-2.17886,	56.5995,	79
748,	-9900015,	12.6494,	1.6852,	0.150521,	35.2849,	79
749,	9900015,	27.2405,	-3.19077,	2.10932,	331.629,	79
749,	9900015,	27.2405,	-3.19077,	2.10932,	331.629,	79
750,	-9900015,	8.89222,	4.96665,	-2.55069,	638.246,	79
750,	-9900015,	8.89137,	4.96673,	-2.55071,	638.241,	79
750,	-9900015,	8.8913,	4.96674,	-2.55071,	638.24,	79
750,	-9900015,	8.8913,	4.96674,	-2.55071,	638.24,	79
751,	-9900015,	9.26702,	-2.39533,	-0.55584,	51.2603,	79
752,	-9900015,	6.75396,	3.60039,	2.09879,	123.732,	79
753,	-9900015,	29.9712,	4.27463,	0.273018,	1076.98,	79
754,	9900015,	5.84898,	-4.65706,	1.77837,	308.052,	79
755,	-9900015,	22.6065,	-1.27361,	-2.45652,	43.5577,	79
756,	-9900015,	14.97,	1.7426,	-1.19715,	44.0661,	79
757,	-9900015,	8.71451,	1.30007,	-3.08664,	17.1765,	79
758,	9900015,	32.7802,	4.78483,	-0.1414,	1961.72,	79
759,	9900015,	5.66974,	-4.23076,	1.92263,	194.994,	79
760,	-9900015,	7.01347,	5.57696,	-0.549382,	926.729,	79
761,	-9900015,	2.70455,	-6.27406,	1.87894,	717.556,	79
762,	-9900015,	4.23739,	5.47746,	-1.48709,	506.881,	79
763,	9900015,	7.60995,	-2.81577,	1.46888,	63.794,	79
764,	9900015,	14.3917,	-4.39727,	0.475069,	584.599,	79
764,	9900015,	14.3917,	-4.39727,	0.475069,	584.599,	79
764,	9900015,	14.3917,	-4.39727,	0.475069,	584.599,	79
765,	-9900015,	6.38938,	-4.06228,	-1.10648,	185.688,	79
766,	-9900015,	4.50001,	-6.86259,	-0.185308,	2150.65,	79
767,	9900015,	165.428,	1.66687,	2.83953,	453.635,	79
767,	9900015,	165.347,	1.66722,	2.83922,	453.562,	79
768,	-9900015,	14.0876,	5.01157,	0.614185,	1057.6,	79
769,	-9900015,	14.6209,	3.80399,	-0.156083,	328.257,	79
770,	9900015,	7.1746,	-4.39701,	-2.98518,	291.36,	79
771,	9900015,	16.8388,	-3.14693,	-1.15336,	196.235,	79
772,	-9900015,	7.28327,	5.65479,	1.74846,	1040.27,	79
773,	-9900015,	12.7503,	-4.89324,	-2.94973,	850.399,	79
774,	9900015,	2.99347,	-6.0449,	-2.59952,	631.559,	79
775,	9900015,	2.49806,	-0.387142,	-1.80412,	2.68761,	79
776,	9900015,	27.062,	-3.67859,	-2.54694,	536.039,	79
777,	9900015,	4.60319,	4.16403,	-2.08098,	148.098,	79
777,	9900015,	4.60277,	4.16412,	-2.08102,	148.098,	79
778,	9900015,	12.9389,	-3.02419,	-3.07001,	133.438,	79
778,	9900015,	12.9389,	-3.02419,	-3.07001,	133.438,	79
779,	9900015,	24.1774,	-4.92561,	0.467263,	1665.59,	79
780,	-9900015,	3.90279,	3.94416,	1.04819,	100.794,	79
781,	9900015,	22.6952,	1.29473,	-2.00453,	44.5276,	79
782,	-9900015,	20.5502,	-3.93496,	1.81547,	525.873,	79
782,	-9900015,	20.5502,	-3.93496,	1.81547,	525.873,	79
783,	9900015,	5.24259,	6.68559,	-2.16883,	2099.08,	79
784,	9900015,	4.34197,	-5.61183,	1.36228,	594.085,	79
785,	-9900015,	9.48806,	-3.86212,	-0.679605,	225.754,	79
785,	-9900015,	9.48806,	-3.86212,	-0.679605,	225.754,	79
786,	-9900015,	34.5369,	-1.90439,	1.42431,	118.534,	79
787,	9900015,	13.3433,	-4.83363,	-2.32733,	838.458,	79
787,	9900015,	13.3433,	-4.83363,	-2.32733,	838.458,	79
788,	9900015,	5.06968,	4.75178,	-1.99961,	293.531,	79
788,	9900015,	5.06968,	4.75178,	-1.99961,	293.531,	79
789,	-9900015,	10.3279,	4.53778,	-0.648366,	482.797,	79
790,	9900015,	22.3041,	1.77863,	0.6466,	67.9229,	79
791,	9900015,	2.89197,	7.34235,	-1.51068,	2233.09,	79
792,	9900015,	11.698,	2.41068,	2.71543,	65.6918,	79
793,	9900015,	0.651343,	6.70734,	3.03901,	266.526,	79
794,	-9900015,	1.73225,	-3.60106,	-0.513703,	31.756,	79
794,	-9900015,	1.73225,	-3.60106,	-0.513703,	31.756,	79
795,	9900015,	13.7892,	2.22678,	-2.43686,	64.6562,	79
795,	9900015,	13.7892,	2.22678,	-2.43687,	64.6563,	79
796,	-9900015,	26.9594,	-4.25371,	1.2963,	948.702,	79
797,	9900015,	17.3967,	-3.82422,	1.18661,	398.551,	79
798,	-9900015,	4.7849,	-3.54142,	-0.967177,	82.6467,	79
798,	-9900015,	4.78494,	-3.5414,	-0.967214,	82.6461,	79
799,	-9900015,	9.35451,	-3.06923,	-2.2819,	100.897,	79
799,	-9900015,	9.35451,	-3.06923,	-2.2819,	100.897,	79
800,	9900015,	18.8223,	-4.08379,	0.429456,	558.901,	79
801,	-9900015,	10.3803,	1.84031,	2.70112,	33.5139,	79
802,	9900015,	7.803,	-3.93286,	-2.71242,	199.258,	79
803,	9900015,	1.22173,	-6.90921,	0.664225,	611.757,	79
804,	-9900015,	4.8379,	3.9257,	-0.470069,	122.661,	79
805,	-9900015,	38.0245,	1.33334,	2.03695,	77.1384,	79
806,	9900015,	10.0254,	5.5247,	-1.83071,	1257.26,	79
807,	-9900015,	28.0644,	2.0993,	1.22694,	116.228,	79
807,	-9900015,	28.0644,	2.0993,	1.22694,	116.228,	79
808,	-9900015,	4.59408,	-5.13361,	-3.00681,	389.658,	79
809,	9900015,	5.06479,	-4.89773,	-2.16352,	339.323,	79
810,	-9900015,	59.5447,	4.57411,	2.64958,	2886.5,	79
811,	-9900015,	1.05099,	-5.24983,	1.65589,	100.127,	79
812,	9900015,	13.1579,	-3.00222,	-0.83693,	132.762,	79
813,	-9900015,	4.94514,	-1.55145,	-0.588193,	12.1903,	79
814,	9900015,	3.63225,	5.93982,	1.83732,	689.89,	79
815,	-9900015,	3.88508,	6.18076,	-1.11239,	938.952,	79
815,	-9900015,	3.88508,	6.18076,	-1.11239,	938.952,	79
816,	9900015,	2.82295,	5.21333,	1.54677,	259.303,	79
817,	-9900015,	145.734,	1.37584,	-2.04972,	306.846,	79
818,	-9900015,	22.5323,	-2.38777,	-2.1705,	123.713,	79
818,	-9900015,	22.5323,	-2.38777,	-2.1705,	123.713,	79
819,	9900015,	81.9299,	-2.67654,	-1.84099,	598.231,	79
820,	-9900015,	1.97656,	4.96428,	-2.97741,	141.535,	79
821,	9900015,	19.5004,	-4.02005,	0.672815,	543.297,	79
822,	-9900015,	21.306,	-4.60445,	3.12357,	1064.63,	79
823,	9900015,	20.6943,	3.79148,	-1.07388,	458.841,	79
823,	9900015,	20.6943,	3.79148,	-1.07388,	458.841,	79
824,	9900015,	13.0952,	2.2276,	1.22202,	61.4514,	79
825,	-9900015,	13.0946,	4.39824,	2.63512,	532.428,	79
826,	9900015,	8.4364,	-5.44475,	2.23262,	976.696,	79
827,	9900015,	26.3934,	1.67047,	2.61723,	72.6189,	79
828,	-9900015,	2.2415,	-7.68278,	-1.04459,	2432.75,	79
829,	9900015,	32.6854,	-1.20702,	1.5533,	59.5297,	79
829,	9900015,	32.6856,	-1.20702,	1.5533,	59.5303,	79
829,	9900015,	32.6856,	-1.20702,	1.5533,	59.5303,	79
830,	-9900015,	3.88544,	-5.31161,	-1.93904,	393.754,	79
831,	9900015,	1.84124,	7.30311,	2.77303,	1367.04,	79
831,	9900015,	1.84124,	7.30311,	2.77303,	1367.04,	79
832,	-9900015,	5.19483,	-5.83327,	0.221262,	886.958,	79
832,	-9900015,	5.19483,	-5.83327,	0.221261,	886.958,	79
833,	9900015,	2.05538,	-6.86132,	0.646955,	981.059,	79
834,	9900015,	23.9816,	-4.08465,	1.70872,	712.706,	79
835,	-9900015,	6.04429,	-6.52013,	-1.56936,	2051.03,	79
836,	-9900015,	4.52661,	5.76377,	-1.6493,	720.98,	79
837,	-9900015,	5.3142,	-6.9083,	0.886492,	2658.55,	79
838,	9900015,	40.0476,	-1.07871,	1.03794,	65.6963,	79
839,	-9900015,	11.193,	5.08974,	-0.351083,	908.613,	79
840,	-9900015,	2.03068,	7.17872,	0.871606,	1331.35,	79
841,	9900015,	3.40178,	-2.58195,	-0.285235,	22.6194,	79
842,	-9900015,	1.86396,	6.45434,	1.34635,	592.233,	79
843,	-9900015,	1.89802,	1.86862,	2.45176,	6.29545,	79
844,	9900015,	8.93354,	5.07582,	-0.421958,	715.173,	79
845,	-9900015,	4.76431,	2.84899,	-0.492951,	41.2786,	79
846,	-9900015,	13.449,	4.48956,	-2.52566,	599.111,	79
847,	9900015,	34.8724,	1.78103,	0.357783,	106.438,	79
848,	-9900015,	3.14977,	-4.40717,	-0.771003,	129.218,	79
848,	-9900015,	3.14977,	-4.40717,	-0.771003,	129.218,	79
849,	-9900015,	33.7317,	-3.85133,	-1.68549,	793.991,	79
850,	-9900015,	10.2965,	5.11588,	-1.78123,	857.974,	79
851,	-9900015,	7.89266,	6.32529,	-1.55741,	2204.11,	79
852,	9900015,	2.19815,	-6.96247,	0.687161,	1160.89,	79
852,	9900015,	2.19791,	-6.96257,	0.687551,	1160.88,	79
853,	-9900015,	41.6298,	-3.44881,	-0.823097,	655.559,	79
854,	9900015,	6.8019,	-5.94387,	1.98365,	1297.16,	79
854,	9900015,	6.8019,	-5.94387,	1.98365,	1297.16,	79
855,	-9900015,	23.0258,	-2.02532,	-0.0537304,	88.7701,	79
855,	-9900015,	23.0258,	-2.02532,	-0.0537309,	88.7701,	79
855,	-9900015,	23.0258,	-2.02532,	-0.053731,	88.7701,	79
856,	9900015,	14.6634,	5.63709,	0.453844,	2057.64,	79
856,	9900015,	14.6634,	5.63709,	0.453844,	2057.64,	79
857,	9900015,	12.8815,	4.04672,	1.19735,	368.584,	79
858,	9900015,	2.98238,	7.27888,	-1.93113,	2161.27,	79
859,	-9900015,	4.36937,	4.53545,	-1.45089,	203.779,	79
859,	-9900015,	4.37147,	4.53428,	-1.41003,	203.639,	79
860,	9900015,	20.847,	1.74376,	2.37267,	61.4327,	79
861,	-9900015,	3.89175,	-6.16687,	-0.892009,	927.588,	79
862,	-9900015,	12.4426,	-4.36034,	0.250137,	487.103,	79
863,	-9900015,	6.10315,	4.54594,	3.06935,	287.639,	79
864,	9900015,	4.02802,	-6.28201,	-1.77824,	1077.22,	79
865,	9900015,	11.4607,	-4.734,	0.786804,	651.879,	79
866,	9900015,	14.3664,	1.40727,	1.53269,	31.1006,	79
867,	-9900015,	1.18714,	4.39732,	2.77062,	48.2247,	79
868,	-9900015,	15.8916,	2.67313,	0.34343,	115.645,	79
869,	9900015,	7.07129,	3.08899,	1.04687,	77.7861,	79
870,	9900015,	8.64269,	-3.60913,	-2.9364,	159.721,	79
871,	-9900015,	10.213,	5.16689,	2.47316,	895.547,	79
872,	-9900015,	6.7648,	5.29734,	-1.87642,	675.838,	79
872,	-9900015,	6.5978,	5.32032,	-1.85811,	674.473,	79
872,	-9900015,	6.59692,	5.32044,	-1.85802,	674.467,	79
873,	-9900015,	15.0002,	5.33777,	-0.440732,	1560.41,	79
874,	9900015,	1.9273,	-5.93899,	1.85291,	365.757,	79
875,	-9900015,	42.5218,	2.02152,	3.1307,	163.332,	79
875,	-9900015,	42.5172,	2.02173,	3.13002,	163.347,	79
876,	-9900015,	1.70149,	5.2007,	1.76366,	154.329,	79
877,	9900015,	2.66938,	3.81419,	-1.84574,	60.5444,	79
878,	9900015,	13.8266,	1.64497,	-1.28643,	37.1511,	79
879,	9900015,	12.1023,	-1.12886,	0.935497,	20.668,	79
880,	9900015,	23.2687,	-1.71355,	0.348765,	66.6514,	79
881,	-9900015,	27.4006,	-2.18516,	-1.29538,	123.364,	79
882,	9900015,	1.24149,	8.43467,	-3.02117,	2857.89,	79
883,	9900015,	4.42624,	-6.9543,	-2.25333,	2318.57,	79
884,	9900015,	5.15461,	3.02115,	-0.289431,	52.9987,	79
885,	-9900015,	1.79543,	5.59576,	1.68187,	241.743,	79
886,	9900015,	140.172,	2.0329,	-0.273065,	544.371,	79
887,	9900015,	8.94594,	2.68772,	-0.759291,	66.0484,	79
888,	9900015,	7.72741,	-5.48597,	-2.80143,	932.262,	79
889,	9900015,	34.9705,	-1.54918,	-0.710477,	86.0277,	79
890,	-9900015,	9.35054,	-2.69471,	1.45697,	69.5159,	79
890,	-9900015,	9.35068,	-2.6947,	1.45695,	69.5163,	79
891,	-9900015,	7.47714,	-4.46187,	-0.774058,	323.987,	79
892,	-9900015,	19.7442,	4.73873,	0.458065,	1128.36,	79
893,	-9900015,	1.58718,	6.54563,	1.85166,	552.496,	79
894,	9900015,	6.30456,	-6.44609,	1.35186,	1986.68,	79
895,	9900015,	92.9972,	2.0673,	2.87937,	373.382,	79
896,	-9900015,	8.5928,	3.00592,	1.84349,	87.0201,	79
897,	9900015,	3.1718,	-5.89095,	1.06049,	573.703,	79
898,	9900015,	56.0078,	-3.0512,	2.89445,	593.345,	79
898,	9900015,	56.0078,	-3.0512,	2.89445,	593.345,	79
898,	9900015,	56.0078,	-3.0512,	2.89445,	593.345,	79
899,	-9900015,	6.49613,	6.1537,	-0.552979,	1528.08,	79
900,	9900015,	18.9269,	-4.71025,	-1.59018,	1051.28,	79
901,	9900015,	3.56065,	-5.69131,	1.47754,	527.485,	79
902,	9900015,	3.09221,	-6.55125,	-0.0562377,	1082.46,	79
903,	9900015,	4.76355,	3.28929,	-2.34906,	63.977,	79
904,	-9900015,	2.30584,	5.19527,	-1.12868,	208.012,	79
905,	9900015,	1.46679,	6.16827,	-2.40598,	350.096,	79
906,	-9900015,	14.8753,	3.68632,	-0.566117,	296.933,	79
907,	-9900015,	12.8639,	3.16696,	-2.22766,	152.935,	79
908,	9900015,	7.83485,	0.826882,	-0.246778,	10.6695,	79
908,	9900015,	7.83485,	0.826882,	-0.246778,	10.6695,	79
909,	9900015,	3.61862,	6.88571,	0.632402,	1769.87,	79
909,	9900015,	3.61862,	6.88571,	0.632402,	1769.87,	79
910,	9900015,	7.63729,	2.15065,	-1.91079,	33.2483,	79
910,	9900015,	7.63729,	2.15065,	-1.91079,	33.2483,	79
910,	9900015,	7.63729,	2.15065,	-1.91079,	33.2483,	79
910,	9900015,	7.63729,	2.15065,	-1.91079,	33.2483,	79
911,	-9900015,	7.99327,	-1.18614,	0.799589,	14.3073,	79
912,	9900015,	9.6445,	-2.62851,	2.83739,	67.1511,	79
913,	9900015,	1.79237,	7.49383,	0.729683,	1610.37,	79
914,	-9900015,	13.7022,	5.2794,	1.46369,	1344.58,	79
914,	-9900015,	13.7022,	5.27941,	1.46369,	1344.58,	79
914,	-9900015,	13.7022,	5.27941,	1.46369,	1344.58,	79
915,	-9900015,	20.1633,	0.963372,	2.0411,	30.2664,	79
916,	9900015,	20.2634,	-4.29727,	-0.729908,	744.807,	79
917,	9900015,	47.8281,	-4.97741,	-2.03616,	3470.05,	79
917,	9900015,	47.8281,	-4.97741,	-2.03616,	3470.05,	79
918,	9900015,	12.6846,	-3.56723,	1.21332,	224.813,	79
919,	9900015,	22.3502,	-0.962257,	2.35848,	33.5212,	79
920,	9900015,	2.21674,	5.74541,	-2.72525,	346.647,	79
921,	9900015,	64.0955,	3.04357,	-0.492793,	673.889,	79
922,	9900015,	3.98814,	-5.70871,	2.11226,	601.181,	79
923,	9900015,	31.8538,	1.53534,	-2.26282,	77.3772,	79
923,	9900015,	31.8534,	1.53535,	-2.26283,	77.3769,	79
924,	-9900015,	5.45444,	-0.682064,	-1.80219,	6.77313,	79
924,	-9900015,	5.45444,	-0.682064,	-1.80219,	6.77313,	79
925,	9900015,	9.40036,	5.93816,	2.24638,	1782.49,	79
926,	9900015,	2.53379,	4.45206,	-0.493103,	108.718,	79
927,	-9900015,	6.79018,	5.94448,	3.04536,	1295.71,	79
927,	-9900015,	6.78902,	5.94473,	3.04531,	1295.81,	79
928,	-9900015,	2.10995,	-4.33261,	0.280203,	80.3428,	79
929,	9900015,	12.5743,	2.70317,	2.9472,	94.2689,	79
929,	9900015,	12.5742,	2.70318,	2.94719,	94.269,	79
930,	-9900015,	82.3179,	3.04728,	-0.985529,	868.679,	79
930,	-9900015,	82.3192,	3.04727,	-0.985513,	868.683,	79
930,	-9900015,	82.3193,	3.04727,	-0.985513,	868.683,	79
930,	-9900015,	82.3193,	3.04727,	-0.985513,	868.683,	79
931,	9900015,	3.09057,	3.61961,	-0.784527,	57.7159,	79
932,	-9900015,	4.55293,	3.60299,	0.341711,	83.626,	79
933,	-9900015,	35.594,	-0.330487,	-2.54767,	37.5556,	79
934,	9900015,	23.1552,	-4.19667,	-2.87955,	769.674,	79
935,	-9900015,	16.41,	-1.70066,	-0.756189,	46.4415,	79
936,	-9900015,	9.13667,	-6.05346,	-1.4978,	1944.22,	79
937,	9900015,	4.68814,	5.13891,	-0.40285,	399.749,	79
938,	9900015,	7.7775,	5.19154,	1.30347,	699.005,	79
939,	-9900015,	6.87421,	-2.72118,	1.74925,	52.4639,	79
939,	-9900015,	6.87554,	-2.72095,	1.74923,	52.462,	79
940,	-9900015,	0.81103,	7.29633,	-2.73463,	598.083,	79
941,	-9900015,	14.129,	3.55595,	2.14158,	247.609,	79
942,	-9900015,	11.3598,	0.33946,	-2.6394,	12.0207,	79
942,	-9900015,	11.3598,	0.33946,	-2.6394,	12.0207,	79
943,	-9900015,	11.5457,	-4.22113,	-1.99465,	393.277,	79
944,	9900015,	11.1231,	-5.09919,	-2.50423,	911.506,	79
944,	9900015,	11.1231,	-5.09919,	-2.50423,	911.506,	79
944,	9900015,	11.1231,	-5.09919,	-2.50423,	911.506,	79
945,	-9900015,	7.30976,	0.149342,	2.2763,	7.39142,	79
945,	-9900015,	7.30931,	0.149273,	2.27648,	7.39089,	79
945,	-9900015,	7.30931,	0.149273,	2.27648,	7.39089,	79
945,	-9900015,	7.30931,	0.149273,	2.27648,	7.39089,	79
945,	-9900015,	7.30931,	0.149273,	2.27648,	7.39089,	79
946,	-9900015,	4.63488,	-2.9751,	0.916054,	45.5205,	79
947,	-9900015,	26.0364,	4.27724,	0.795099,	938.029,	79
948,	-9900015,	2.62057,	-6.04292,	1.67391,	551.79,	79
949,	9900015,	10.6459,	3.93273,	-2.00811,	271.82,	79
950,	9900015,	4.06923,	-6.18163,	-1.55839,	984.316,	79
951,	9900015,	27.2439,	-4.48485,	-0.781717,	1207.92,	79
952,	-9900015,	3.64943,	4.08213,	0.750737,	108.185,	79
953,	9900015,	3.7264,	-2.88715,	2.01499,	33.5337,	79
954,	9900015,	17.6688,	-4.63101,	-1.72413,	906.656,	79
955,	-9900015,	5.72255,	-4.78818,	-0.846251,	343.614,	79
956,	9900015,	1.84453,	5.81221,	-1.16006,	308.37,	79
957,	-9900015,	36.881,	-1.31701,	-2.82702,	73.7653,	79
957,	-9900015,	36.881,	-1.31701,	-2.82702,	73.7653,	79
958,	9900015,	8.35999,	-6.33564,	-0.986092,	2358.91,	79
959,	-9900015,	29.9839,	-3.69131,	-1.81251,	601.511,	79
960,	-9900015,	29.6658,	-1.09084,	2.34418,	49.137,	79
960,	-9900015,	29.6658,	-1.09084,	2.34418,	49.137,	79
961,	-9900015,	16.3869,	2.26386,	2.30479,	79.674,	79
962,	-9900015,	16.0464,	2.19255,	-1.67752,	72.7677,	79
962,	-9900015,	16.0464,	2.19255,	-1.67752,	72.7677,	79
963,	-9900015,	7.80344,	-3.87143,	2.3923,	187.406,	79
964,	9900015,	9.78942,	4.52756,	2.65972,	452.972,	79
965,	9900015,	30.2243,	-0.763526,	-0.465892,	39.4706,	79
966,	-9900015,	13.1011,	0.459207,	0.50862,	14.5068,	79
967,	-9900015,	67.5782,	-0.189792,	-0.773494,	68.7989,	79
968,	-9900015,	25.2701,	-3.44001,	1.68504,	394.456,	79
969,	9900015,	1.41488,	5.47216,	-1.36264,	168.355,	79
970,	9900015,	4.65618,	6.17947,	2.76305,	1123.86,	79
971,	-9900015,	9.12683,	-2.76497,	2.81408,	72.7481,	79
972,	-9900015,	4.1891,	7.50049,	2.29624,	3788.88,	79
973,	9900015,	10.189,	-5.47775,	-2.73396,	1219.16,	79
973,	9900015,	10.0871,	-5.4889,	-2.73624,	1220.51,	79
973,	9900015,	10.0871,	-5.4889,	-2.73624,	1220.51,	79
974,	9900015,	8.04889,	4.33454,	3.08768,	307.077,	79
975,	-9900015,	18.3009,	3.09082,	-2.7635,	201.681,	79
976,	9900015,	15.3164,	-1.7398,	-1.50911,	44.9671,	79
976,	9900015,	15.3164,	-1.7398,	-1.50911,	44.9671,	79
977,	9900015,	2.11065,	-6.68213,	-2.38099,	842.17,	79
978,	-9900015,	7.943,	1.74801,	-2.52201,	23.5005,	79
979,	-9900015,	14.4643,	-2.13124,	-2.89297,	61.7911,	79
980,	-9900015,	1.82226,	-5.63761,	1.88391,	255.841,	79
980,	-9900015,	1.82159,	-5.63799,	1.884,	255.842,	79
981,	9900015,	119.987,	2.75868,	-0.747167,	950.444,	79
981,	9900015,	119.982,	2.7588,	-0.747164,	950.51,	79
982,	9900015,	25.7541,	1.30776,	1.85333,	51.0999,	79
983,	-9900015,	1.82734,	5.11268,	2.32289,	151.78,	79
984,	9900015,	6.24859,	4.16649,	-0.387455,	201.529,	79
985,	9900015,	8.06496,	6.80543,	2.14545,	3640.26,	79
986,	-9900015,	2.26793,	-4.29066,	-2.89446,	82.812,	79
986,	-9900015,	2.26793,	-4.29066,	-2.89446,	82.812,	79
987,	9900015,	8.90862,	-5.79698,	-0.365954,	1466.84,	79
988,	9900015,	21.2045,	-2.60911,	1.11264,	144.833,	79
989,	-9900015,	31.5843,	0.543487,	1.32334,	36.3649,	79
989,	-9900015,	31.5843,	0.543487,	1.32334,	36.3649,	79
990,	9900015,	6.10476,	6.00771,	2.93683,	1240.95,	79
991,	9900015,	5.56145,	5.7685,	-1.49416,	889.999,	79
992,	9900015,	9.31446,	-5.09098,	0.331854,	757.06,	79
993,	9900015,	26.7349,	4.34408,	-0.808186,	1029.75,	79
994,	-9900015,	1.51857,	7.34034,	1.86998,	1170.24,	79
995,	-9900015,	12.6061,	-5.51675,	-0.335935,	1568.38,	79
996,	-9900015,	5.08665,	-4.13135,	0.393647,	158.393,	79
997,	9900015,	5.54499,	-6.0711,	-0.079282,	1200.93,	79
998,	-9900015,	4.36215,	3.69854,	-2.91037,	88.1434,	79
999,	-9900015,	2.23073,	-5.67098,	2.98114,	323.815,	79
